"province_name","district","year","week","weekly_dengue_cases","weekly_diarrhea_cases","population","rainsum","meantemperature","max_temperature","min_temperature","rainsum_std"
"01 Vientiane Capital",1,2024,14,15,140,1009287,0,31.7285714285714,38.3428571428571,25.0571428571429,-0.66477514015161
"01 Vientiane Capital",1,2024,15,13,132,1009287,0,32.8857142857143,38.0428571428571,27.7,-0.66477514015161
"01 Vientiane Capital",1,2024,16,23,143,1009287,8.1,33.4714285714286,39.0285714285714,27.8428571428571,-0.478874824658991
"01 Vientiane Capital",1,2024,17,33,160,1009287,1.5,31.8571428571429,37.4714285714286,26.2,-0.630349155801125
"01 Vientiane Capital",1,2024,18,23,185,1009287,0,32.1571428571429,37.1714285714286,27.1285714285714,-0.66477514015161
"01 Vientiane Capital",1,2024,19,26,162,1009287,7,32.7285714285714,38.0142857142857,27.4,-0.504120546516013
"01 Vientiane Capital",1,2024,20,24,117,1009287,117.3,30.2714285714286,34.4142857142857,26.0714285714286,2.02733683605632
"01 Vientiane Capital",1,2024,21,28,153,1009287,2.2,32.2571428571429,37.6857142857143,26.8,-0.614283696437565
"01 Vientiane Capital",1,2024,22,31,126,1009287,10.7,30.8142857142857,35.4428571428571,26.1,-0.419203118451483
"01 Vientiane Capital",1,2024,23,46,167,1009287,41.5,29.8857142857143,34.5571428571429,25.1428571428571,0.287677093545144
"01 Vientiane Capital",1,2024,24,58,156,1009287,60.8,29.5285714285714,33.2285714285714,25.7714285714286,0.730624758854718
"01 Vientiane Capital",1,2024,25,82,188,1009287,40.2,29.3571428571429,33.1571428571429,25.4714285714286,0.25784124044139
"01 Vientiane Capital",1,2024,26,115,169,1009287,116.4,29.3857142857143,33.4285714285714,25.3,2.00668124544603
"01 Vientiane Capital",1,2024,27,201,188,1009287,101.8,29.3,33.4857142857143,25.0571428571429,1.67160166443464
"01 Vientiane Capital",1,2024,28,243,162,1009287,27.8,30.4714285714286,34.7571428571429,26.1428571428571,-0.0267468968559534
"01 Vientiane Capital",1,2024,29,297,128,1009287,55.3,29.7428571428571,33.8571428571429,25.5571428571429,0.604396149569606
"01 Vientiane Capital",1,2024,30,349,94,1009287,27.4,30.1571428571429,34.7571428571429,25.5142857142857,-0.0359271593494161
"01 Vientiane Capital",1,2024,31,328,104,1009287,149.7,27.6428571428571,29.9857142857143,25.2428571428571,2.7709380980268
"01 Vientiane Capital",1,2024,32,300,75,1009287,61.5,27.0285714285714,29.3571428571429,24.6714285714286,0.746690218218278
"02 Phongsali",2,2024,14,3,9,197569,0.5,23.4428571428571,31.2142857142857,15.6428571428571,-0.768311424784964
"02 Phongsali",2,2024,15,2,2,197569,0,24.0428571428571,30.8142857142857,17.2142857142857,-0.78018849069854
"02 Phongsali",2,2024,16,1,2,197569,0,25.2,32.3571428571429,18,-0.78018849069854
"02 Phongsali",2,2024,17,0,12,197569,30,24.4428571428571,32.5714285714286,16.2857142857143,-0.0675645358839926
"02 Phongsali",2,2024,18,6,14,197569,72.7,22.6857142857143,28.6428571428571,16.6714285714286,0.94673689313538
"02 Phongsali",2,2024,19,3,12,197569,3.5,25.5428571428571,31.2428571428571,19.8285714285714,-0.697049029303509
"02 Phongsali",2,2024,20,0,15,197569,68.5,21.4714285714286,26,16.9,0.846969539461343
"02 Phongsali",2,2024,21,0,6,197569,5.7,24.9428571428571,31.8571428571429,18,-0.644789939283776
"02 Phongsali",2,2024,22,1,23,197569,22,25.4571428571429,31.0714285714286,19.7857142857143,-0.257597590501205
"02 Phongsali",2,2024,23,0,11,197569,92.3,23.1428571428571,27.1,19.1428571428571,1.41231787694755
"02 Phongsali",2,2024,24,0,23,197569,77.8,22.8428571428571,26.2857142857143,19.3571428571429,1.06788296545385
"02 Phongsali",2,2024,25,2,26,197569,22.9,23.8571428571429,27.9285714285714,19.7142857142857,-0.236218871856769
"02 Phongsali",2,2024,26,9,14,197569,31.8,23.4857142857143,27.7857142857143,19.1428571428571,-0.0248070985951199
"02 Phongsali",2,2024,27,4,17,197569,15.6,24.7857142857143,28.3142857142857,21.1857142857143,-0.409624034194975
"02 Phongsali",2,2024,28,8,11,197569,109.4,23.2,26.9285714285714,19.4285714285714,1.81851353119184
"02 Phongsali",2,2024,29,31,13,197569,50.8,23.4428571428571,27.2142857142857,19.6428571428571,0.42652140612076
"02 Phongsali",2,2024,30,24,17,197569,60,24.3285714285714,28.3,20.2857142857143,0.645059418930555
"02 Phongsali",2,2024,31,26,17,197569,177.3,21.6142857142857,24.1142857142857,19.0714285714286,3.43141908225543
"02 Phongsali",2,2024,32,18,14,197569,113.7,21.4857142857143,24.1571428571429,18.7857142857143,1.92065629804859
"03 Louangnamtha",3,2024,14,5,72,208848,0,25.1,35.2571428571429,14.8571428571429,-0.704093294772366
"03 Louangnamtha",3,2024,15,8,56,208848,0,26.0142857142857,35.7714285714286,16.2142857142857,-0.704093294772366
"03 Louangnamtha",3,2024,16,14,65,208848,0,27.4857142857143,37.5285714285714,17.4,-0.704093294772366
"03 Louangnamtha",3,2024,17,13,71,208848,81.8,27.5285714285714,36.4,18.6285714285714,1.40481227996341
"03 Louangnamtha",3,2024,18,6,90,208848,37.9,26.5142857142857,33.6714285714286,19.3285714285714,0.273015767360713
"03 Louangnamtha",3,2024,19,5,96,208848,11.3,28.1571428571429,35.5142857142857,20.7571428571429,-0.412765263054587
"03 Louangnamtha",3,2024,20,8,112,208848,63.6,25.3428571428571,30.5857142857143,20.0571428571429,0.935593680205572
"03 Louangnamtha",3,2024,21,4,171,208848,16.6,27.6142857142857,35.8142857142857,19.3857142857143,-0.276124681806426
"03 Louangnamtha",3,2024,22,4,117,208848,7.7,28.3428571428571,35.0571428571429,21.5714285714286,-0.505577733336357
"03 Louangnamtha",3,2024,23,9,119,208848,81.5,27.7142857142857,33.3428571428571,22.0571428571429,1.39707790743993
"03 Louangnamtha",3,2024,24,7,96,208848,38.3,26.9428571428571,31.5428571428571,22.2857142857143,0.283328264058688
"03 Louangnamtha",3,2024,25,12,108,208848,8.2,27.4285714285714,32.3428571428571,22.4571428571429,-0.492687112463889
"03 Louangnamtha",3,2024,26,39,68,208848,64.2,27.8285714285714,33.0857142857143,22.5,0.951062425252533
"03 Louangnamtha",3,2024,27,32,85,208848,8.6,27.8285714285714,32.4142857142857,23.2142857142857,-0.482374615765915
"03 Louangnamtha",3,2024,28,56,49,208848,74.8,26.7428571428571,31.4571428571429,21.9857142857143,1.22434358774886
"03 Louangnamtha",3,2024,29,74,57,208848,35.2,26.8714285714286,31.5285714285714,22.1857142857143,0.203406414649386
"03 Louangnamtha",3,2024,30,97,60,208848,15.7,27.9857142857143,33.8142857142857,22.1,-0.299327799376869
"03 Louangnamtha",3,2024,31,82,51,208848,150.3,26.0571428571429,29.1571428571429,22.9,3.17082733949153
"03 Louangnamtha",3,2024,32,100,54,208848,172.2,23.2857142857143,25.2428571428571,21.3571428571429,3.73543653370563
"04 Oudomxai",4,2024,14,10,174,360811,0,25.4,34.1142857142857,16.6571428571429,-0.688885554143444
"04 Oudomxai",4,2024,15,22,177,360811,0,27.0285714285714,35.5428571428571,18.4285714285714,-0.688885554143444
"04 Oudomxai",4,2024,16,48,199,360811,0,28.7857142857143,37.6,19.9285714285714,-0.688885554143444
"04 Oudomxai",4,2024,17,33,177,360811,50.7,28.2857142857143,36.0571428571429,20.5,0.809041019570783
"04 Oudomxai",4,2024,18,49,145,360811,15.2,7.41428571428571,33.6142857142857,18.2571428571429,-0.239803031057522
"04 Oudomxai",4,2024,19,55,186,360811,3,0,34.4428571428571,17.7571428571429,-0.600250845639643
"04 Oudomxai",4,2024,20,107,176,360811,59.2,0,37.2571428571429,19.2714285714286,1.06017269366488
"04 Oudomxai",4,2024,21,56,229,360811,11.9,0,36.8571428571429,20.3714285714286,-0.337301210411702
"04 Oudomxai",4,2024,22,156,211,360811,6.9,0,29.6714285714286,18.0142857142857,-0.485025724584703
"04 Oudomxai",4,2024,23,221,191,360811,60.7,0,33.0714285714286,22.2714285714286,1.10449004791678
"04 Oudomxai",4,2024,24,198,160,360811,32.4,0,30.9857142857143,22.8,0.2683692976976
"04 Oudomxai",4,2024,25,249,139,360811,37.9,0,31.7714285714286,23,0.430866263287901
"04 Oudomxai",4,2024,26,388,177,360811,86.8,0,32.2285714285714,22.7,1.87561201189985
"04 Oudomxai",4,2024,27,508,154,360811,38.5,0,32.1428571428571,23.7,0.448593204988661
"04 Oudomxai",4,2024,28,425,152,360811,63.7,0,31.9285714285714,22.6285714285714,1.19312475642058
"04 Oudomxai",4,2024,29,465,119,360811,61.7,0,30.9,22.7285714285714,1.13403495075138
"04 Oudomxai",4,2024,30,453,106,360811,16.2,0,32.7857142857143,22.9714285714286,-0.210258128222922
"04 Oudomxai",4,2024,31,349,65,360811,73.2,0,29.8428571428571,23.4,1.47380133334929
"04 Oudomxai",4,2024,32,247,89,360811,283.5,0,23.4428571428571,20.9285714285714,7.68709439946569
"05 Bokeo",5,2024,14,0,142,213271,0,28.5285714285714,37,20.0285714285714,-0.72121004023683
"05 Bokeo",5,2024,15,0,103,213271,0,28.4857142857143,38.5142857142857,18.4285714285714,-0.72121004023683
"05 Bokeo",5,2024,16,0,125,213271,1.2,29.7,39.4142857142857,19.9285714285714,-0.689822565172845
"05 Bokeo",5,2024,17,0,147,213271,13.6,29.1142857142857,37.6714285714286,20.5,-0.365485322844996
"05 Bokeo",5,2024,18,1,127,213271,82.9,27.9142857142857,34.6714285714286,21.1,1.44714136210016
"05 Bokeo",5,2024,19,1,149,213271,23.5,30.2428571428571,36.5428571428571,23.9,-0.106538653567116
"05 Bokeo",5,2024,20,2,159,213271,60.4,27.4714285714286,32.2857142857143,22.6,0.858626204650435
"05 Bokeo",5,2024,21,0,211,213271,19.8,30.1571428571429,36.8428571428571,23.4571428571429,-0.203316701681071
"05 Bokeo",5,2024,22,8,189,213271,0,29.8714285714286,35.6285714285714,24.0571428571429,-0.72121004023683
"05 Bokeo",5,2024,23,12,155,213271,49,28.6428571428571,33.2142857142857,24,0.560445191542574
"05 Bokeo",5,2024,24,14,133,213271,5.4,28.1428571428571,32.2714285714286,23.9285714285714,-0.579966402448896
"05 Bokeo",5,2024,25,12,126,213271,11.7,28.8,33.4857142857143,24.0714285714286,-0.415182158362973
"05 Bokeo",5,2024,26,17,104,213271,95.7,28.2428571428571,32.4142857142857,24.0571428571429,1.78194109611601
"05 Bokeo",5,2024,27,28,114,213271,4.4,28.8428571428571,33.0285714285714,24.6,-0.606122631668884
"05 Bokeo",5,2024,28,43,119,213271,64.7,27.9571428571429,32.8285714285714,23.0571428571429,0.971097990296383
"05 Bokeo",5,2024,29,45,101,213271,10.8,28.0428571428571,32.3571428571429,23.6857142857143,-0.438722764660961
"05 Bokeo",5,2024,30,56,63,213271,33.9,29.1,33.7428571428571,24.4,0.165486130320757
"05 Bokeo",5,2024,31,65,59,213271,59.2,26.5571428571429,29.2714285714286,23.8,0.82723872958645
"05 Bokeo",5,2024,32,80,68,213271,35.2,24.5428571428571,26.5571428571429,22.5,0.199489228306742
"06 Louangphabang",6,2024,14,16,133,477651,0,28.9428571428571,37.8142857142857,NA,-0.607552468317222
"06 Louangphabang",6,2024,15,7,120,477651,0,31.7428571428571,39.8857142857143,23.5571428571429,-0.607552468317222
"06 Louangphabang",6,2024,16,12,195,477651,0,33.5285714285714,41.4428571428571,25.5714285714286,-0.607552468317222
"06 Louangphabang",6,2024,17,27,141,477651,0,32.4,39.9285714285714,24.8,-0.607552468317222
"06 Louangphabang",6,2024,18,23,154,477651,12.4,30.5714285714286,37.7714285714286,23.3142857142857,-0.337821007006624
"06 Louangphabang",6,2024,19,24,153,477651,102.4,31.9428571428571,39.1714285714286,24.6428571428571,1.61990734121546
"06 Louangphabang",6,2024,20,32,201,477651,55.3,28.4142857142857,33.9285714285714,22.8571428571429,0.595362838979235
"06 Louangphabang",6,2024,21,25,109,477651,2.5,31.5285714285714,38.6,24.4,-0.553171125311053
"06 Louangphabang",6,2024,22,20,125,477651,25.5,31.2714285714286,37.7714285714286,24.7571428571429,-0.0528627696542986
"06 Louangphabang",6,2024,23,32,80,477651,25.2,29.9285714285714,36,23.8285714285714,-0.0593885308150389
"06 Louangphabang",6,2024,24,65,87,477651,32.4,28.9571428571429,33.5571428571429,24.3,0.0972297370427277
"06 Louangphabang",6,2024,25,97,133,477651,0.8,29.7142857142857,34.8,24.5857142857143,-0.590150438555248
"06 Louangphabang",6,2024,26,110,126,477651,129.3,29.1428571428571,34.3428571428571,23.8714285714286,2.20505059196184
"06 Louangphabang",6,2024,27,223,139,477651,44,30.2714285714286,34.5142857142857,25.9857142857143,0.349559168591352
"06 Louangphabang",6,2024,28,241,124,477651,26.4,29.5285714285714,34.6714285714286,24.3571428571429,-0.0332854861720778
"06 Louangphabang",6,2024,29,246,138,477651,45.8,29.0285714285714,33.8428571428571,24.1428571428571,0.388713735555794
"06 Louangphabang",6,2024,30,283,107,477651,37.9,30.3,36.1,24.4714285714286,0.216868691656299
"06 Louangphabang",6,2024,31,284,64,477651,119.8,27.6285714285714,31.0714285714286,24.1285714285714,1.99840148853839
"06 Louangphabang",6,2024,32,280,68,477651,308.3,24.4,26.1857142857143,22.5857142857143,6.09875475120354
"07 Houaphan",7,2024,14,0,182,317049,4,23.0714285714286,30.6571428571429,15.4714285714286,-0.562367141360761
"07 Houaphan",7,2024,15,0,166,317049,0,23.3142857142857,29.0285714285714,17.5285714285714,-0.644855016504334
"07 Houaphan",7,2024,16,0,234,317049,0.3,25.7,32.2857142857143,19.0714285714286,-0.638668425868566
"07 Houaphan",7,2024,17,0,203,317049,8.7,24.4,30.8428571428571,17.9285714285714,-0.465443888067063
"07 Houaphan",7,2024,18,0,201,317049,44.4,24.6285714285714,30.6285714285714,18.6142857142857,0.270760397589322
"07 Houaphan",7,2024,19,0,219,317049,23.1,25.9571428571429,31.8571428571429,20,-0.168487537550202
"07 Houaphan",7,2024,20,0,203,317049,20.7,22.6285714285714,27.0857142857143,18.1,-0.217980262636345
"07 Houaphan",7,2024,21,0,203,317049,17.8,26.6571428571429,33.7285714285714,19.5714285714286,-0.277783972115436
"07 Houaphan",7,2024,22,0,186,317049,26.8,26.6571428571429,32.1,21.1714285714286,-0.0921862530423973
"07 Houaphan",7,2024,23,0,132,317049,141,25.8428571428571,30.0714285714286,21.5571428571429,2.2628425823066
"07 Houaphan",7,2024,24,0,128,317049,140.6,25.3571428571429,29.7285714285714,20.9714285714286,2.25459379479224
"07 Houaphan",7,2024,25,0,147,317049,57.4,25.6142857142857,29.7,21.5142857142857,0.538845991805933
"07 Houaphan",7,2024,26,0,144,317049,30.6,25.5142857142857,29.5142857142857,21.5,-0.0138227716560034
"07 Houaphan",7,2024,27,0,168,317049,32,26.9142857142857,31.4571428571429,22.3285714285714,0.015047984644247
"07 Houaphan",7,2024,28,1,167,317049,15.8,25.6285714285714,30.4714285714286,20.7571428571429,-0.319027909687222
"07 Houaphan",7,2024,29,1,191,317049,15.5,25.6,29.6571428571429,21.5,-0.32521450032299
"07 Houaphan",7,2024,30,1,157,317049,0,26.3857142857143,31.7714285714286,20.9857142857143,-0.644855016504334
"07 Houaphan",7,2024,31,0,170,317049,242.7,24.6857142857143,27.6142857142857,21.7142857142857,4.36009680783193
"07 Houaphan",7,2024,32,0,158,317049,86.1,23.1857142857143,25.2857142857143,21.1142857142857,1.13069649596107
"08 Xainyabouli",8,2024,14,0,62,439382,0,27.8285714285714,36.9857142857143,18.6428571428571,-0.727755879458796
"08 Xainyabouli",8,2024,15,7,43,439382,0,30.5,38.7571428571429,22.2142857142857,-0.727755879458796
"08 Xainyabouli",8,2024,16,8,71,439382,14.7,31.3571428571429,39.7285714285714,22.9714285714286,-0.333193709912425
"08 Xainyabouli",8,2024,17,11,54,439382,0,29.2714285714286,37,21.4857142857143,-0.727755879458796
"08 Xainyabouli",8,2024,18,19,60,439382,4.5,29.5,36.9142857142857,22.0714285714286,-0.60697154184256
"08 Xainyabouli",8,2024,19,30,51,439382,38.9,31.4571428571429,39.2142857142857,23.6714285714286,0.316357616823779
"08 Xainyabouli",8,2024,20,32,51,439382,64.8,28.3285714285714,33.9,22.7142857142857,1.011538582215
"08 Xainyabouli",8,2024,21,65,48,439382,21.2,30.2571428571429,37.3285714285714,23.1571428571429,-0.15872744446675
"08 Xainyabouli",8,2024,22,45,64,439382,67.2,29.3857142857143,35.0714285714286,23.6857142857143,1.07595689561033
"08 Xainyabouli",8,2024,23,69,56,439382,37.5,29.4714285714286,34.8571428571429,24.0428571428571,0.278780267343172
"08 Xainyabouli",8,2024,24,62,53,439382,10.2,28.5285714285714,33.2142857142857,23.8142857142857,-0.453978047528661
"08 Xainyabouli",8,2024,25,84,43,439382,0,29.1285714285714,34.1428571428571,24.0714285714286,-0.727755879458796
"08 Xainyabouli",8,2024,26,114,33,439382,55.6,28.1714285714286,32.8,23.4714285714286,0.764601714199589
"08 Xainyabouli",8,2024,27,174,59,439382,25.3,28.9285714285714,34.0142857142857,23.8142857142857,-0.0486794924164015
"08 Xainyabouli",8,2024,28,154,54,439382,12.5,28.5714285714286,33.5,23.6,-0.392243830524807
"08 Xainyabouli",8,2024,29,144,37,439382,73.6,28.7428571428571,33.4857142857143,23.9571428571429,1.24773906466453
"08 Xainyabouli",8,2024,30,177,43,439382,69,29.0428571428571,35,23.0142857142857,1.12427063065683
"08 Xainyabouli",8,2024,31,152,43,439382,43.9,27.3142857142857,30.3428571428571,24.2285714285714,0.450562436397375
"08 Xainyabouli",8,2024,32,131,35,439382,126.6,25.1285714285714,27.6285714285714,22.6142857142857,2.67031015214465
"09 Xiangkhouang",9,2024,14,0,214,274365,0,24.3,32.3571428571429,16.2142857142857,-0.664197439540291
"09 Xiangkhouang",9,2024,15,0,169,274365,3.7,25.3571428571429,32.2428571428571,18.4285714285714,-0.577318187966776
"09 Xiangkhouang",9,2024,16,0,251,274365,21.7,26.4142857142857,32.8857142857143,19.9285714285714,-0.154662369501028
"09 Xiangkhouang",9,2024,17,0,283,274365,34.2,25.9428571428571,31.3428571428571,20.5,0.138848615544631
"09 Xiangkhouang",9,2024,18,0,268,274365,13.9,25,30.4571428571429,19.5285714285714,-0.337813224169519
"09 Xiangkhouang",9,2024,19,1,233,274365,10.4,25.7428571428571,31.2285714285714,20.2285714285714,-0.419996299982303
"09 Xiangkhouang",9,2024,20,0,260,274365,51.8,23.5571428571429,28.1714285714286,18.9285714285714,0.552112082488918
"09 Xiangkhouang",9,2024,21,0,205,274365,70.7,25.9571428571429,31.7142857142857,20.1857142857143,0.995900691877954
"09 Xiangkhouang",9,2024,22,0,151,274365,43.3,26.7285714285714,32.1142857142857,21.3,0.35252461265787
"09 Xiangkhouang",9,2024,23,0,149,274365,67.8,25.1428571428571,29.3142857142857,20.9285714285714,0.927806143347361
"09 Xiangkhouang",9,2024,24,1,145,274365,23.8,25.2857142857143,29.2285714285714,21.3428571428571,-0.105352524013357
"09 Xiangkhouang",9,2024,25,0,147,274365,13.3,24.8857142857143,28.8142857142857,20.9285714285714,-0.35190175145171
"09 Xiangkhouang",9,2024,26,0,103,274365,106.6,24.5142857142857,28.3,20.7142857142857,1.83886424092909
"09 Xiangkhouang",9,2024,27,0,163,274365,72.8,25.0571428571429,28.8857142857143,21.1714285714286,1.04521053736562
"09 Xiangkhouang",9,2024,28,2,112,274365,7.4,24.9285714285714,28.8,21.0571428571429,-0.490438936393261
"09 Xiangkhouang",9,2024,29,13,132,274365,25.5,24.7,28.2571428571429,21.0857142857143,-0.0654350300471475
"09 Xiangkhouang",9,2024,30,10,111,274365,40,25.7285714285714,30.3285714285714,21.1,0.275037712605817
"09 Xiangkhouang",9,2024,31,10,117,274365,134.2,23.5714285714286,25.7857142857143,21.3285714285714,2.4869364959099
"09 Xiangkhouang",9,2024,32,6,69,274365,231.9,21.4571428571429,23.2285714285714,19.6428571428571,4.78101835502677
"10 Vientiane",10,2024,14,2,171,479372,0,30.0428571428571,37.6142857142857,NA,-0.709448618398253
"10 Vientiane",10,2024,15,14,139,479372,0,31.7285714285714,38,25.4,-0.709448618398253
"10 Vientiane",10,2024,16,21,232,479372,1,32.5714285714286,39.3571428571429,25.7571428571429,-0.691191835315631
"10 Vientiane",10,2024,17,13,140,479372,15.9,31.2857142857143,37.9714285714286,24.5857142857143,-0.419165767384562
"10 Vientiane",10,2024,18,4,137,479372,3.4,31.4142857142857,37.2285714285714,25.5428571428571,-0.647375555917338
"10 Vientiane",10,2024,19,16,149,479372,96.9,31.8571428571429,37.4571428571429,26.2285714285714,1.05963366230782
"10 Vientiane",10,2024,20,29,94,479372,147.1,29.5714285714286,34.0142857142857,25.0857142857143,1.97612417305545
"10 Vientiane",10,2024,21,16,119,479372,19,31.9142857142857,37.6571428571429,26.1285714285714,-0.362569739828434
"10 Vientiane",10,2024,22,29,93,479372,14.1,30.7142857142857,35.4714285714286,25.9142857142857,-0.452027976933282
"10 Vientiane",10,2024,23,68,118,479372,115.7,28.9428571428571,33.1857142857143,24.6857142857143,1.40286118426112
"10 Vientiane",10,2024,24,49,99,479372,49.1,28.9714285714286,32.5571428571429,25.3428571428571,0.18695943095849
"10 Vientiane",10,2024,25,106,122,479372,74.9,29.4714285714286,33.1,25.8285714285714,0.657984434490139
"10 Vientiane",10,2024,26,108,106,479372,181.6,28.9428571428571,32.4,25.4142857142857,2.60598318940591
"10 Vientiane",10,2024,27,114,103,479372,81.7,28.9571428571429,32.5857142857143,25.3,0.782130559451969
"10 Vientiane",10,2024,28,101,86,479372,24.7,29.2857142857143,33.0571428571429,25.4857142857143,-0.258506076257488
"10 Vientiane",10,2024,29,116,67,479372,18.4,29.5571428571429,33.2714285714286,25.7857142857143,-0.373523809678007
"10 Vientiane",10,2024,30,150,89,479372,88.2,30.0571428571429,34.5857142857143,25.5,0.900799649489013
"10 Vientiane",10,2024,31,111,80,479372,135.1,27.5142857142857,29.7428571428571,25.2714285714286,1.75704277606399
"10 Vientiane",10,2024,32,85,85,479372,182.7,26.1857142857143,28.2571428571429,24.1,2.6260656507968
"11 Bolikhamxai",11,2024,14,2,113,330744,16.6,30.3142857142857,37.3142857142857,23.2857142857143,-0.460680850600932
"11 Bolikhamxai",11,2024,15,1,99,330744,11.5,31.0142857142857,36.4,25.5571428571429,-0.516829579336924
"11 Bolikhamxai",11,2024,16,12,130,330744,0,31.3857142857143,37.5571428571429,25.1571428571429,-0.64343945785926
"11 Bolikhamxai",11,2024,17,4,142,330744,13.2,30.6142857142857,37.2,23.9714285714286,-0.498113336424927
"11 Bolikhamxai",11,2024,18,6,139,330744,18.6,30.8285714285714,36.9,24.7285714285714,-0.4386617412927
"11 Bolikhamxai",11,2024,19,24,111,330744,58.6,31.5571428571429,37.7285714285714,25.3428571428571,0.00172044487194517
"11 Bolikhamxai",11,2024,20,22,104,330744,34.2,29.4285714285714,34.5,24.2857142857143,-0.266912688688488
"11 Bolikhamxai",11,2024,21,29,93,330744,159.3,30.5,37.0857142857143,23.8571428571429,1.11038259854144
"11 Bolikhamxai",11,2024,22,41,64,330744,67.7,30.6857142857143,35.7714285714286,25.5285714285714,0.101907392224402
"11 Bolikhamxai",11,2024,23,50,66,330744,185,28.8428571428571,33.3714285714286,24.2285714285714,1.39332815315222
"11 Bolikhamxai",11,2024,24,61,95,330744,46.2,28.6428571428571,32.5142857142857,24.7142857142857,-0.134798032839095
"11 Bolikhamxai",11,2024,25,87,62,330744,121.1,28.4571428571429,32.1857142857143,24.6714285714286,0.689817610754203
"11 Bolikhamxai",11,2024,26,72,67,330744,117.5,28,31.6428571428571,24.2857142857143,0.650183213999385
"11 Bolikhamxai",11,2024,27,87,76,330744,47.3,28.4142857142857,32.3571428571429,24.4428571428571,-0.122687522719567
"11 Bolikhamxai",11,2024,28,110,63,330744,160.8,29.0428571428571,33.2142857142857,24.8285714285714,1.12689693052261
"11 Bolikhamxai",11,2024,29,152,72,330744,122.8,28.5,32.4428571428571,24.5285714285714,0.708533853666201
"11 Bolikhamxai",11,2024,30,148,58,330744,162.8,29.7142857142857,34.3857142857143,24.9857142857143,1.14891603983085
"11 Bolikhamxai",11,2024,31,78,37,330744,577.1,26.2571428571429,28.1,24.3714285714286,5.71017453303116
"11 Bolikhamxai",11,2024,32,91,30,330744,119.1,26.1857142857143,28.0571428571429,24.3142857142857,0.667798501445971
"12 Khammouan",12,2024,14,16,81,451329,22.5,31.1428571428571,36.5857142857143,NA,-0.289740307243654
"12 Khammouan",12,2024,15,23,62,451329,0,31.5714285714286,36.5714285714286,26.5285714285714,-0.608012252397529
"12 Khammouan",12,2024,16,29,92,451329,0,32.8142857142857,37.6571428571429,27.9428571428571,-0.608012252397529
"12 Khammouan",12,2024,17,79,63,451329,1.7,31.8,37.7714285714286,25.7714285714286,-0.58396503876368
"12 Khammouan",12,2024,18,65,66,451329,4.1,31.9857142857143,37.6571428571429,26.2857142857143,-0.5500160312806
"12 Khammouan",12,2024,19,63,52,451329,81.2,31.2428571428571,36.8857142857143,25.5428571428571,0.540595834113344
"12 Khammouan",12,2024,20,52,50,451329,1.5,30.6285714285714,34.9142857142857,26.3,-0.586794122720604
"12 Khammouan",12,2024,21,47,69,451329,10.4,31.4285714285714,36.2428571428571,26.6142857142857,-0.460899886637515
"12 Khammouan",12,2024,22,100,68,451329,6.7,31.0714285714286,35.8,26.3,-0.513237939840597
"12 Khammouan",12,2024,23,95,44,451329,151.8,29.7571428571429,33.9,25.5571428571429,1.53926247090728
"12 Khammouan",12,2024,24,137,51,451329,48.9,29.3,32.8714285714286,25.7142857142857,0.0836987750702259
"12 Khammouan",12,2024,25,173,54,451329,73.9,29,32.4714285714286,25.4857142857143,0.437334269685642
"12 Khammouan",12,2024,26,266,53,451329,43.3,29.3571428571429,32.5571428571429,26.0857142857143,0.00448442427637256
"12 Khammouan",12,2024,27,341,47,451329,265.6,28.6428571428571,32.5714285714286,24.6714285714286,3.14901124239666
"12 Khammouan",12,2024,28,372,62,451329,26.4,30.0857142857143,34.1,26.0285714285714,-0.234573170083649
"12 Khammouan",12,2024,29,389,57,451329,52.2,28.9285714285714,32.5857142857143,25.2428571428571,0.130378660359461
"12 Khammouan",12,2024,30,334,37,451329,100.9,29.3571428571429,33.9285714285714,24.7285714285714,0.819260603870292
"12 Khammouan",12,2024,31,243,35,451329,323.9,25.9285714285714,28.1571428571429,23.6714285714286,3.97368921583981
"12 Khammouan",12,2024,32,199,57,451329,260.7,27,29.3,24.7142857142857,3.07969868545203
"13 Savannakhet",13,2024,14,8,228,1117489,0,32.2571428571429,37.6714285714286,26.8142857142857,-0.616516622281742
"13 Savannakhet",13,2024,15,9,198,1117489,0,31.8,37.0428571428571,26.5428571428571,-0.616516622281742
"13 Savannakhet",13,2024,16,10,261,1117489,3.4,32.7142857142857,37.9,27.4571428571429,-0.547510330966201
"13 Savannakhet",13,2024,17,12,237,1117489,57.6,30.3857142857143,35.8142857142857,24.8857142857143,0.552531136475656
"13 Savannakhet",13,2024,18,14,179,1117489,4.8,31.5142857142857,36.8857142857143,26.1142857142857,-0.519095975718625
"13 Savannakhet",13,2024,19,18,217,1117489,36.8,31,35.9571428571429,26.0142857142857,0.130375001368818
"13 Savannakhet",13,2024,20,27,171,1117489,10.2,29.8428571428571,34.1,25.5285714285714,-0.409497748335119
"13 Savannakhet",13,2024,21,33,178,1117489,18.2,31.4428571428571,36.0428571428571,26.8,-0.247130004063259
"13 Savannakhet",13,2024,22,37,209,1117489,6.4,31.0428571428571,35.3,26.7285714285714,-0.486622426864253
"13 Savannakhet",13,2024,23,60,203,1117489,26.8,29.9857142857143,33.7142857142857,26.2,-0.0725846789710082
"13 Savannakhet",13,2024,24,62,243,1117489,45.5,29.0142857142857,32.3285714285714,25.6428571428571,0.306949923264466
"13 Savannakhet",13,2024,25,104,241,1117489,39.7,28.8428571428571,32.3285714285714,25.3285714285714,0.189233308667367
"13 Savannakhet",13,2024,26,142,294,1117489,80.9,29.3285714285714,32.9,25.7571428571429,1.02542719166745
"13 Savannakhet",13,2024,27,173,261,1117489,175.6,28.8285714285714,32.7,24.9285714285714,2.9474553644856
"13 Savannakhet",13,2024,28,198,238,1117489,63.4,29.8285714285714,33.4428571428571,26.1857142857143,0.670247751072755
"13 Savannakhet",13,2024,29,220,237,1117489,164.6,28.8,32.2714285714286,25.3,2.72419971611179
"13 Savannakhet",13,2024,30,278,189,1117489,33,29.4,33.4428571428571,25.2857142857143,0.0532503228396839
"13 Savannakhet",13,2024,31,265,108,1117489,188.1,27.3571428571429,29.5428571428571,25.1428571428571,3.20115496491039
"13 Savannakhet",13,2024,32,250,172,1117489,56,27.9,30.9142857142857,24.8428571428571,0.520057587621284
"14 Salavan",14,2024,14,20,217,464847,30.8,31.8285714285714,37.4571428571429,26.1714285714286,-0.15446063094468
"14 Salavan",14,2024,15,14,191,464847,40.2,30.9857142857143,36.6428571428571,25.3,-0.0102010819969309
"14 Salavan",14,2024,16,6,195,464847,0,32.1714285714286,37.3285714285714,26.9714285714286,-0.627140855156452
"14 Salavan",14,2024,17,11,388,464847,9.7,31.2571428571429,37.2714285714286,25.2142857142857,-0.478277278050796
"14 Salavan",14,2024,18,4,217,464847,2.1,31.8857142857143,37.5857142857143,26.1142857142857,-0.594912658051104
"14 Salavan",14,2024,19,10,188,464847,104.2,31.6714285714286,36.9,26.4285714285714,0.971991591689869
"14 Salavan",14,2024,20,14,321,464847,84.9,29.3714285714286,33.6857142857143,25.0142857142857,0.675799113531193
"14 Salavan",14,2024,21,28,256,464847,19.4,30.6857142857143,35.5,25.8571428571429,-0.329413700945141
"14 Salavan",14,2024,22,41,263,464847,24.3,30.1857142857143,34.5857142857143,25.7285714285714,-0.254214574365995
"14 Salavan",14,2024,23,35,233,464847,156.4,28.9142857142857,32.6571428571429,25.0857142857143,1.77309249116566
"14 Salavan",14,2024,24,38,340,464847,58.1,28.6142857142857,32.3857142857143,24.8,0.264505931424846
"14 Salavan",14,2024,25,61,191,464847,51.8,28.9571428571429,33.1857142857143,24.6857142857143,0.167821340108801
"14 Salavan",14,2024,26,43,314,464847,36.2,29.0857142857143,32.6428571428571,25.5,-0.071588124102356
"14 Salavan",14,2024,27,82,326,464847,3.4,29.3142857142857,33.7857142857143,24.7857142857143,-0.574961869366841
"14 Salavan",14,2024,28,63,258,464847,134.2,29.8571428571429,34.6428571428571,25.0428571428571,1.43239440748056
"14 Salavan",14,2024,29,46,204,464847,235.2,27.4428571428571,30.7571428571429,24.1142857142857,2.98241722064254
"14 Salavan",14,2024,30,51,320,464847,73.8,28.7857142857143,32.8142857142857,24.7,0.505450071688639
"14 Salavan",14,2024,31,50,134,464847,194.8,26.2714285714286,28.7,23.8,2.36240809537774
"14 Salavan",14,2024,32,34,151,464847,22.8,27.8857142857143,31.0714285714286,24.7,-0.27723471515553
"15 Xekong",15,2024,14,0,53,136746,0.6,30.6,36.7714285714286,24.4,-0.53904135655756
"15 Xekong",15,2024,15,1,50,136746,22.6,30.9571428571429,36.8714285714286,25,-0.184500399739155
"15 Xekong",15,2024,16,0,44,136746,15.7,31.2857142857143,36.7857142857143,25.7571428571429,-0.295697336195837
"15 Xekong",15,2024,17,1,61,136746,9.7,30.1571428571429,36.6,23.6428571428571,-0.392390324419038
"15 Xekong",15,2024,18,0,41,136746,2.6,30.1285714285714,35.8714285714286,24.3571428571429,-0.50681036048316
"15 Xekong",15,2024,19,0,60,136746,36.8,31.2285714285714,37.1428571428571,25.2857142857143,0.0443396723890884
"15 Xekong",15,2024,20,3,48,136746,39.5,29.5857142857143,34.7285714285714,24.4142857142857,0.0878515170895291
"15 Xekong",15,2024,21,0,38,136746,25,29.8714285714286,35.9714285714286,23.7142857142857,-0.145823204449874
"15 Xekong",15,2024,22,2,34,136746,26.1,29.7571428571429,34.7,24.7142857142857,-0.128096156608954
"15 Xekong",15,2024,23,3,34,136746,79.5,27.6571428571429,31.3428571428571,23.9142857142857,0.732471438577539
"15 Xekong",15,2024,24,6,32,136746,45.9,27.7428571428571,31.4857142857143,23.9428571428571,0.190990704527611
"15 Xekong",15,2024,25,11,30,136746,75.1,28.3857142857143,32.4285714285714,24.2714285714286,0.661563247213858
"15 Xekong",15,2024,26,19,28,136746,47.3,28.7714285714286,33.3142857142857,24.1714285714286,0.213552401779691
"15 Xekong",15,2024,27,10,24,136746,17.6,28.1857142857143,33.1142857142857,23.2142857142857,-0.265077889925156
"15 Xekong",15,2024,28,15,28,136746,41.8,27.8428571428571,31.2428571428571,24.3857142857143,0.12491716257509
"15 Xekong",15,2024,29,13,20,136746,87.4,26.3714285714286,29.7,22.9857142857143,0.859783873071421
"15 Xekong",15,2024,30,19,24,136746,61.3,28.1571428571429,32.0571428571429,24.2,0.439169374300494
"15 Xekong",15,2024,31,9,14,136746,167.1,26.4142857142857,29.0571428571429,23.7714285714286,2.14418906663628
"15 Xekong",15,2024,32,14,19,136746,8.4,28.2857142857143,32.3428571428571,24.1857142857143,-0.413340471867398
"16 Champasak",16,2024,14,6,86,781136,9.8,32.6,37.3714285714286,NA,-0.478437690140293
"16 Champasak",16,2024,15,3,63,781136,62.8,32.0285714285714,37.0285714285714,27,0.397638139221677
"16 Champasak",16,2024,16,8,84,781136,10,32.5285714285714,37.2428571428571,27.7571428571429,-0.475131743614399
"16 Champasak",16,2024,17,4,110,781136,0,31.8142857142857,37.2857142857143,26.3,-0.64042906990911
"16 Champasak",16,2024,18,5,89,781136,1.3,32.4571428571429,37.3,27.5714285714286,-0.618940417490798
"16 Champasak",16,2024,19,14,97,781136,80.4,31.4,36.2857142857143,26.4571428571429,0.688561433500369
"16 Champasak",16,2024,20,23,94,781136,58.8,30.4857142857143,34.6,26.3285714285714,0.331519208703792
"16 Champasak",16,2024,21,26,95,781136,29.8,31.6571428571429,36.5,26.7714285714286,-0.147843037550871
"16 Champasak",16,2024,22,27,87,781136,39.6,29.6285714285714,33.3714285714286,25.8285714285714,0.0141483422179465
"16 Champasak",16,2024,23,25,78,781136,150.8,28.7428571428571,32.2857142857143,25.1571428571429,1.85225461061514
"16 Champasak",16,2024,24,31,85,781136,105.8,28.1142857142857,31.1571428571429,25.0428571428571,1.10841664228894
"16 Champasak",16,2024,25,42,68,781136,41.8,29.6857142857143,33.8142857142857,25.5285714285714,0.0505137540027829
"16 Champasak",16,2024,26,41,54,781136,53.8,29.9714285714286,33.2714285714286,26.6571428571429,0.248870545556437
"16 Champasak",16,2024,27,64,74,781136,23.8,29.1285714285714,33.2,24.9714285714286,-0.247021433327697
"16 Champasak",16,2024,28,59,82,781136,31.4,30.1714285714286,34.2,26.0857142857143,-0.121395465343717
"16 Champasak",16,2024,29,57,49,781136,251.6,27.9571428571429,31.0571428571429,24.7857142857143,3.51845165966583
"16 Champasak",16,2024,30,38,43,781136,208.8,28.4571428571429,31.7,25.1428571428571,2.81097910312446
"16 Champasak",16,2024,31,47,36,781136,211.2,26.9,29.8571428571429,23.8857142857143,2.85065046143519
"16 Champasak",16,2024,32,58,44,781136,88.6,28.5714285714286,32.0714285714286,25.0714285714286,0.824105241062032
"17 Attapu",17,2024,14,15,27,169010,13.9,31.7428571428571,37.7571428571429,25.6714285714286,-0.413840082595972
"17 Attapu",17,2024,15,4,36,169010,1.1,30.6428571428571,36.9142857142857,24.3142857142857,-0.618516105003331
"17 Attapu",17,2024,16,7,61,169010,4.4,31.6285714285714,37.1,26.1,-0.565748067976434
"17 Attapu",17,2024,17,23,54,169010,20.4,32.2857142857143,38.8571428571429,25.6428571428571,-0.309903039967235
"17 Attapu",17,2024,18,15,91,169010,2.2,32.2428571428571,38.2714285714286,26.1571428571429,-0.600926759327699
"17 Attapu",17,2024,19,14,58,169010,71.1,32.6285714285714,38.8714285714286,26.3571428571429,0.500805892536914
"17 Attapu",17,2024,20,25,50,169010,29.4,30.5857142857143,35.6,25.5428571428571,-0.165990211712061
"17 Attapu",17,2024,21,20,51,169010,7.3,31.0142857142857,37,24.9571428571429,-0.519376156649767
"17 Attapu",17,2024,22,9,39,169010,101,29.4,33.9285714285714,24.8,0.978916288629105
"17 Attapu",17,2024,23,14,35,169010,24.8,28.6,32.7285714285714,24.4714285714286,-0.239545657264705
"17 Attapu",17,2024,24,57,23,169010,114.6,27.8428571428571,31.6428571428571,24,1.19638456243692
"17 Attapu",17,2024,25,55,45,169010,65.8,28.6571428571429,33.5857142857143,23.7,0.416057227008867
"17 Attapu",17,2024,26,63,46,169010,83.5,29.5857142857143,34.2,24.9285714285714,0.699085789244043
"17 Attapu",17,2024,27,68,62,169010,121.5,29,33.7142857142857,24.2857142857143,1.30671773076589
"17 Attapu",17,2024,28,53,34,169010,60.2,28.9142857142857,33.3142857142857,24.5,0.326511467205647
"17 Attapu",17,2024,29,62,30,169010,300.7,27.0285714285714,30.1285714285714,23.9,4.17218204446892
"17 Attapu",17,2024,30,41,29,169010,136.8,28.3,32.6714285714286,23.8857142857143,1.55136953879969
"17 Attapu",17,2024,31,29,33,169010,274.2,26.3285714285714,29.2714285714286,23.3,3.74843871682868
"17 Attapu",17,2024,32,19,26,169010,41.3,27.9571428571429,31.7571428571429,24.1428571428571,0.0242945278697811
"18 Xaisomboun",18,2024,14,1,50,116761,0,22.8428571428571,30.6714285714286,NA,-0.724688634794602
"18 Xaisomboun",18,2024,15,1,44,116761,0.3,25.7857142857143,32.5142857142857,19.0285714285714,-0.719139842184983
"18 Xaisomboun",18,2024,16,0,48,116761,0,25.5571428571429,31.9142857142857,19.1857142857143,-0.724688634794602
"18 Xaisomboun",18,2024,17,0,49,116761,14.9,24.1714285714286,30.8,17.5285714285714,-0.449098601850155
"18 Xaisomboun",18,2024,18,0,51,116761,57.4,23.6571428571429,29.0714285714286,18.2,0.336980351179309
"18 Xaisomboun",18,2024,19,0,44,116761,29.5,24.9714285714286,30.3857142857143,19.5142857142857,-0.179057361515327
"18 Xaisomboun",18,2024,20,0,32,116761,37.8,24,29.4571428571429,18.5142857142857,-0.0255407659825144
"18 Xaisomboun",18,2024,21,0,38,116761,37.2,25.0714285714286,31.0428571428571,19.0857142857143,-0.0366383512017538
"18 Xaisomboun",18,2024,22,0,35,116761,13.4,25.3857142857143,30.6428571428571,20.0428571428571,-0.476842564898254
"18 Xaisomboun",18,2024,23,0,26,116761,105,24.6571428571429,29.3571428571429,19.9285714285714,1.21738877857231
"18 Xaisomboun",18,2024,24,0,35,116761,70.5,23.5142857142857,26.8571428571429,20.1142857142857,0.579277628466038
"18 Xaisomboun",18,2024,25,0,34,116761,42.5,23.9714285714286,27.8,20.1,0.0613903182348616
"18 Xaisomboun",18,2024,26,1,38,116761,106.4,24.0142857142857,27.7285714285714,20.2857142857143,1.24328314408387
"18 Xaisomboun",18,2024,27,2,47,116761,57.8,24.1857142857143,28.2142857142857,20.0857142857143,0.344378741325469
"18 Xaisomboun",18,2024,28,6,25,116761,65.7,24.0857142857143,28.4285714285714,19.6571428571429,0.490496946712122
"18 Xaisomboun",18,2024,29,12,23,116761,30.1,24.5285714285714,28.4857142857143,20.4857142857143,-0.167959776296088
"18 Xaisomboun",18,2024,30,1,33,116761,18.3,25.3714285714286,30.4,20.3428571428571,-0.386212285607798
"18 Xaisomboun",18,2024,31,3,22,116761,326.4,23.3285714285714,26.0857142857143,20.5428571428571,5.31239772447168
"18 Xaisomboun",18,2024,32,1,31,116761,258.8,20.0571428571429,21.6285714285714,18.5,4.0620697897707
