province_name,district,year,week,disease_cases,weekly_diarrhea_cases,population,rainfall,mean_temperature,max_temperature,min_temperature,rainsum_std,rainfall_std
01 Vientiane Capital,1,2015,1,0,38,844026,0.0,22.5,29.15,15.8,-0.66477514015161,-0.6654730670001544
01 Vientiane Capital,1,2015,2,0,65,844026,13.7,21.5,24.9428571428571,18.0142857142857,-0.350351149750513,-0.35071897258121265
01 Vientiane Capital,1,2015,3,0,67,844026,0.0,20.2571428571429,26.2571428571429,14.2142857142857,-0.66477514015161,-0.6654730670001544
01 Vientiane Capital,1,2015,4,0,116,844026,0.0,24.0285714285714,30.5428571428571,17.4571428571429,-0.66477514015161,-0.6654730670001544
01 Vientiane Capital,1,2015,5,0,132,844026,0.0,24.5857142857143,30.7571428571429,18.3714285714286,-0.66477514015161,-0.6654730670001544
01 Vientiane Capital,1,2015,6,0,99,844026,0.0,23.0571428571429,28.2857142857143,17.7857142857143,-0.66477514015161,-0.6654730670001544
01 Vientiane Capital,1,2015,7,0,198,844026,15.1,24.8714285714286,29.7714285714286,19.9285714285714,-0.318220231023394,-0.3185543205967952
01 Vientiane Capital,1,2015,8,0,190,844026,16.2,26.6714285714286,31.5857142857143,21.7428571428571,-0.292974509166371,-0.29328209403761013
01 Vientiane Capital,1,2015,9,0,163,844026,0.0,28.9285714285714,35.3571428571429,22.4428571428571,-0.66477514015161,-0.6654730670001544
01 Vientiane Capital,1,2015,10,0,80,844026,3.6,30.3714285714286,35.9571428571429,24.7142857142857,-0.582152777710446,-0.5827639618973667
01 Vientiane Capital,1,2015,11,0,120,844026,0.0,29.2,34.3571428571429,23.9857142857143,-0.66477514015161,-0.6654730670001544
01 Vientiane Capital,1,2015,12,0,85,844026,13.2,29.4857142857143,33.3571428571429,25.5857142857143,-0.361826477867341,-0.36220634828993314
01 Vientiane Capital,1,2015,13,0,108,844026,2.9,27.9857142857143,33.1428571428571,22.8,-0.598218237074006,-0.5988462878895755
01 Vientiane Capital,1,2015,14,0,57,844026,0.0,31.2,37.8285714285714,24.5428571428571,-0.66477514015161,-0.6654730670001544
01 Vientiane Capital,1,2015,15,0,33,844026,15.1,27.8142857142857,32.4285714285714,23.1428571428571,-0.318220231023394,-0.3185543205967952
01 Vientiane Capital,1,2015,16,0,62,844026,0.0,30.3428571428571,37.5428571428571,23.1142857142857,-0.66477514015161,-0.6654730670001544
01 Vientiane Capital,1,2015,17,2,48,844026,19.2,28.7142857142857,32.9714285714286,24.4142857142857,-0.224122540465401,-0.22435783978528712
01 Vientiane Capital,1,2015,18,0,76,844026,1.8,31.4285714285714,37.0857142857143,25.7285714285714,-0.623463958931028,-0.6241185144487605
01 Vientiane Capital,1,2015,19,0,90,844026,15.6,31.3571428571429,36.9714285714286,25.7142857142857,-0.306744902906565,-0.30706694488807473
01 Vientiane Capital,1,2015,20,8,83,844026,9.3,30.5571428571429,35.4428571428571,25.6285714285714,-0.451334037178603,-0.45180787881795303
01 Vientiane Capital,1,2015,21,0,71,844026,14.1,31.3142857142857,35.7142857142857,26.8714285714286,-0.34117088725705,-0.3415290720142362
01 Vientiane Capital,1,2015,22,0,69,844026,17.9,31.0,35.9428571428571,26.0285714285714,-0.253958393569155,-0.25422501662796043
01 Vientiane Capital,1,2015,23,2,68,844026,44.6,30.4285714285714,34.8571428571429,25.9285714285714,0.358824127869479,0.3592008462177144
01 Vientiane Capital,1,2015,24,2,49,844026,52.1,29.7285714285714,34.1,25.3428571428571,0.530954049621905,0.5315114818485219
01 Vientiane Capital,1,2015,25,0,28,844026,3.8,31.1285714285714,35.4428571428571,26.7714285714286,-0.577562646463715,-0.5781690116138786
01 Vientiane Capital,1,2015,26,0,94,844026,8.3,30.3428571428571,34.1,26.5285714285714,-0.474284693412259,-0.474782630235394
01 Vientiane Capital,1,2015,27,6,85,844026,67.0,32.2,36.8428571428571,27.4714285714286,0.87291882750339,0.8738352779683929
01 Vientiane Capital,1,2015,28,0,89,844026,12.3,29.1857142857143,32.9714285714286,25.3714285714286,-0.382482068477632,-0.38288362456563
01 Vientiane Capital,1,2015,29,4,51,844026,106.5,28.2285714285714,30.8,25.6142857142857,1.77946974873283,1.7813379589573126
01 Vientiane Capital,1,2015,30,4,63,844026,46.4,27.2,29.5714285714286,24.7714285714286,0.400135309090061,0.4005553987691082
01 Vientiane Capital,1,2015,31,6,35,844026,177.0,26.9142857142857,29.6428571428571,24.1285714285714,3.39749101320563,3.401057933886903
01 Vientiane Capital,1,2015,32,6,34,844026,11.8,29.2857142857143,33.0142857142857,25.5142857142857,-0.393957396594461,-0.3943710002743505
01 Vientiane Capital,1,2015,33,0,67,844026,12.3,29.6571428571429,33.7571428571429,25.5428571428571,-0.382482068477632,-0.38288362456563
01 Vientiane Capital,1,2015,34,16,66,844026,82.7,29.9857142857143,33.9,26.0142857142857,1.2332441303718,1.2345388752222168
01 Vientiane Capital,1,2015,35,14,40,844026,35.9,28.4428571428571,31.2571428571429,25.6142857142857,0.159153418636666,0.15932050888597762
01 Vientiane Capital,1,2015,36,10,62,844026,48.4,28.5571428571429,32.2428571428571,24.8285714285714,0.446036621557375,0.44650490160399015
01 Vientiane Capital,1,2015,37,10,39,844026,43.3,28.9428571428571,32.6,25.2285714285714,0.328988274765726,0.329333669375041
01 Vientiane Capital,1,2015,38,16,42,844026,144.4,28.5428571428571,31.9285714285714,25.1,2.64929961998842,2.6520810376783266
01 Vientiane Capital,1,2015,39,20,46,844026,5.8,29.6714285714286,33.5142857142857,25.7857142857143,-0.531661333996401,-0.5322195087789965
01 Vientiane Capital,1,2015,40,14,39,844026,32.8,28.6,32.5142857142857,24.6571428571429,0.0880063843123301,0.08809877949191047
01 Vientiane Capital,1,2015,41,10,24,844026,55.0,26.6,29.7142857142857,23.4571428571429,0.597510952699509,0.5981382609591008
01 Vientiane Capital,1,2015,42,10,43,844026,0.0,28.3857142857143,32.4,24.3,-0.66477514015161,-0.6654730670001544
01 Vientiane Capital,1,2015,43,16,35,844026,0.0,28.1571428571429,32.3142857142857,23.9428571428571,-0.66477514015161,-0.6654730670001544
01 Vientiane Capital,1,2015,44,20,29,844026,1.3,28.4142857142857,32.7285714285714,24.0714285714286,-0.634939287047856,-0.635605890157481
01 Vientiane Capital,1,2015,45,14,57,844026,23.6,28.3571428571429,32.6428571428571,24.0571428571429,-0.123139653037312,-0.12326893354854666
01 Vientiane Capital,1,2015,46,36,54,844026,5.3,29.0285714285714,33.4857142857143,24.5285714285714,-0.543136662113229,-0.5437068844877171
01 Vientiane Capital,1,2015,47,32,47,844026,41.1,28.6571428571429,33.3142857142857,23.9571428571429,0.278496831051681,0.2787892162566709
01 Vientiane Capital,1,2015,48,44,50,844026,0.0,27.2857142857143,32.0571428571429,22.4571428571429,-0.66477514015161,-0.6654730670001544
01 Vientiane Capital,1,2015,49,38,30,844026,12.8,25.8,29.3142857142857,22.2428571428571,-0.371006740360804,-0.3713962488569095
01 Vientiane Capital,1,2015,50,30,39,844026,0.0,26.4714285714286,31.8428571428571,21.0571428571429,-0.66477514015161,-0.6654730670001544
01 Vientiane Capital,1,2015,51,40,32,844026,0.0,23.1,27.9,18.2714285714286,-0.66477514015161,-0.6654730670001544
01 Vientiane Capital,1,2015,52,54,23,844026,0.0,25.9428571428571,29.4,22.4571428571429,-0.66477514015161,-0.6654730670001544
01 Vientiane Capital,1,2015,53,0,5,844026,0.0,24.85,30.3,19.4,-0.66477514015161,-0.6654730670001544
01 Vientiane Capital,1,2016,1,2,52,864954,0.0,24.6166666666667,30.4833333333333,18.7,-0.66477514015161,-0.6654730670001544
01 Vientiane Capital,1,2016,2,7,63,864954,0.0,25.0,30.4714285714286,19.5,-0.66477514015161,-0.6654730670001544
01 Vientiane Capital,1,2016,3,3,74,864954,2.3,26.3285714285714,31.3857142857143,21.1714285714286,-0.6119886308142,-0.61263113874004
01 Vientiane Capital,1,2016,4,0,54,864954,34.7,18.9428571428571,21.7,16.1428571428571,0.131612631156278,0.1317508071850485
01 Vientiane Capital,1,2016,5,0,35,864954,1.6,23.5428571428571,28.7571428571429,18.2571428571429,-0.628054090177759,-0.6287134647322488
01 Vientiane Capital,1,2016,6,1,58,864954,0.0,20.5142857142857,26.3428571428571,14.6714285714286,-0.66477514015161,-0.6654730670001544
01 Vientiane Capital,1,2016,7,0,69,864954,0.0,24.3428571428571,31.5142857142857,17.1142857142857,-0.66477514015161,-0.6654730670001544
01 Vientiane Capital,1,2016,8,0,67,864954,0.0,25.2428571428571,30.5428571428571,19.9142857142857,-0.66477514015161,-0.6654730670001544
01 Vientiane Capital,1,2016,9,1,96,864954,0.0,23.2,28.9857142857143,17.3714285714286,-0.66477514015161,-0.6654730670001544
01 Vientiane Capital,1,2016,10,0,90,864954,0.0,28.1714285714286,34.1714285714286,22.1571428571429,-0.66477514015161,-0.6654730670001544
01 Vientiane Capital,1,2016,11,1,165,864954,0.0,28.8857142857143,34.5571428571429,23.1571428571429,-0.66477514015161,-0.6654730670001544
01 Vientiane Capital,1,2016,12,0,135,864954,0.0,31.5285714285714,38.8285714285714,24.1714285714286,-0.66477514015161,-0.6654730670001544
01 Vientiane Capital,1,2016,13,0,104,864954,0.0,26.5857142857143,31.6,21.5285714285714,-0.66477514015161,-0.6654730670001544
01 Vientiane Capital,1,2016,14,1,99,864954,3.2,30.1142857142857,36.1571428571429,24.0571428571429,-0.591333040203909,-0.5919538624643432
01 Vientiane Capital,1,2016,15,1,41,864954,0.0,33.1571428571429,39.6714285714286,26.6285714285714,-0.66477514015161,-0.6654730670001544
01 Vientiane Capital,1,2016,16,3,130,864954,1.5,33.2857142857143,39.1285714285714,27.4,-0.630349155801125,-0.6310109398739929
01 Vientiane Capital,1,2016,17,3,143,864954,0.0,32.7285714285714,38.8714285714286,26.5285714285714,-0.66477514015161,-0.6654730670001544
01 Vientiane Capital,1,2016,18,9,33,864954,41.8,29.7,34.1714285714286,25.1714285714286,0.294562290415241,0.2948715422488795
01 Vientiane Capital,1,2016,19,0,72,864954,0.0,33.0571428571429,38.4857142857143,27.5571428571429,-0.66477514015161,-0.6654730670001544
01 Vientiane Capital,1,2016,20,1,83,864954,60.5,30.8142857142857,35.2142857142857,26.3714285714286,0.723739561984621,0.7244993937550264
01 Vientiane Capital,1,2016,21,1,45,864954,49.4,30.1142857142857,34.3571428571429,25.8428571428571,0.468987277791032,0.4694796530214312
01 Vientiane Capital,1,2016,22,0,38,864954,159.4,29.0428571428571,32.5571428571429,25.5,2.99355946349327,2.9967023089399416
01 Vientiane Capital,1,2016,23,38,58,864954,52.6,29.2857142857143,32.9142857142857,25.6,0.542429377738733,0.5429988575572424
01 Vientiane Capital,1,2016,24,0,66,864954,2.8,30.2428571428571,33.8857142857143,26.5714285714286,-0.600513302697371,-0.6011437630313196
01 Vientiane Capital,1,2016,25,2,53,864954,18.8,29.6,33.0428571428571,26.1142857142857,-0.233302802958864,-0.2335477403522635
01 Vientiane Capital,1,2016,26,1,50,864954,66.9,28.9857142857143,32.8714285714286,25.0714285714286,0.870623761880024,0.8715378028266489
01 Vientiane Capital,1,2016,27,7,64,864954,124.9,27.6857142857143,30.1142857142857,25.2,2.20176182343211,2.2040733850382273
01 Vientiane Capital,1,2016,28,7,38,864954,38.6,29.8428571428571,33.5571428571429,26.1142857142857,0.221120190467539,0.2213523377130684
01 Vientiane Capital,1,2016,29,14,62,864954,1.4,30.1285714285714,33.8714285714286,26.3428571428571,-0.632644221424491,-0.633308415015737
01 Vientiane Capital,1,2016,30,17,34,864954,65.5,28.9571428571429,33.2285714285714,24.6428571428571,0.838492843152905,0.8393731508422314
01 Vientiane Capital,1,2016,31,19,43,864954,47.9,28.4142857142857,31.9285714285714,24.8857142857143,0.434561293440547,0.43501752589526965
01 Vientiane Capital,1,2016,32,28,42,864954,36.0,28.9428571428571,32.1142857142857,25.7428571428571,0.161448484260032,0.16161798402772176
01 Vientiane Capital,1,2016,33,18,37,864954,26.2,28.2857142857143,30.4285714285714,26.1142857142857,-0.0634679468298042,-0.0635345798632001
01 Vientiane Capital,1,2016,34,17,32,864954,86.4,28.9285714285714,32.5571428571429,25.2571428571429,1.31816155843633,1.3195454554667485
01 Vientiane Capital,1,2016,35,35,46,864954,36.8,28.8285714285714,32.1142857142857,25.5142857142857,0.179809009246957,0.17999778516167447
01 Vientiane Capital,1,2016,36,51,55,864954,91.9,28.8142857142857,31.7428571428571,25.8571428571429,1.44439016772144,1.445906588262674
01 Vientiane Capital,1,2016,37,46,21,864954,65.1,27.9142857142857,31.0857142857143,24.7,0.829312580659442,0.8301832502752549
01 Vientiane Capital,1,2016,38,36,39,864954,85.3,29.0714285714286,33.2428571428571,24.8714285714286,1.29291583657931,1.2942732289075631
01 Vientiane Capital,1,2016,39,67,32,864954,19.9,29.5428571428571,33.9428571428571,25.0857142857143,-0.208057081101841,-0.20827551379307843
01 Vientiane Capital,1,2016,40,101,13,864954,61.9,28.8714285714286,32.2285714285714,25.5,0.75587048071174,0.7566640457394436
01 Vientiane Capital,1,2016,41,82,27,864954,19.9,29.3571428571429,33.2857142857143,25.3857142857143,-0.208057081101841,-0.20827551379307843
01 Vientiane Capital,1,2016,42,65,33,864954,16.8,28.2857142857143,32.1714285714286,24.3714285714286,-0.279204115426177,-0.2794972431871455
01 Vientiane Capital,1,2016,43,54,29,864954,61.5,28.9714285714286,33.1714285714286,24.7142857142857,0.746690218218278,0.7474741451724675
01 Vientiane Capital,1,2016,44,90,22,864954,0.0,29.2571428571429,33.3857142857143,25.1,-0.66477514015161,-0.6654730670001544
01 Vientiane Capital,1,2016,45,94,21,864954,51.2,26.8571428571429,30.5857142857143,23.1,0.510298459011614,0.5108342055728251
01 Vientiane Capital,1,2016,46,38,31,864954,0.0,27.3714285714286,31.7,23.0285714285714,-0.66477514015161,-0.6654730670001544
01 Vientiane Capital,1,2016,47,65,41,864954,0.0,27.8,32.9571428571429,22.5857142857143,-0.66477514015161,-0.6654730670001544
01 Vientiane Capital,1,2016,48,77,41,864954,0.0,26.0285714285714,30.6,21.4,-0.66477514015161,-0.6654730670001544
01 Vientiane Capital,1,2016,49,45,23,864954,0.0,25.0714285714286,29.8428571428571,20.2714285714286,-0.66477514015161,-0.6654730670001544
01 Vientiane Capital,1,2016,50,20,38,864954,0.0,24.3571428571429,30.2857142857143,18.3714285714286,-0.66477514015161,-0.6654730670001544
01 Vientiane Capital,1,2016,51,22,52,864954,0.0,25.5,30.3142857142857,20.6571428571429,-0.66477514015161,-0.6654730670001544
01 Vientiane Capital,1,2016,52,12,51,864954,0.0,25.6571428571429,31.1142857142857,20.1714285714286,-0.66477514015161,-0.6654730670001544
01 Vientiane Capital,1,2016,53,0,5,864954,5.4,22.0,27.2333333333333,16.7333333333333,-0.540841596489864,-0.5414094093459729
01 Vientiane Capital,1,2017,1,17,48,885910,0.0,25.4333333333333,29.7,21.15,-0.66477514015161,-0.6654730670001544
01 Vientiane Capital,1,2017,2,16,88,885910,1.3,26.2428571428571,29.7714285714286,22.6428571428571,-0.634939287047856,-0.635605890157481
01 Vientiane Capital,1,2017,3,22,81,885910,0.0,26.0428571428571,31.0714285714286,20.9714285714286,-0.66477514015161,-0.6654730670001544
01 Vientiane Capital,1,2017,4,9,85,885910,0.0,24.5714285714286,29.8285714285714,19.2857142857143,-0.66477514015161,-0.6654730670001544
01 Vientiane Capital,1,2017,5,13,84,885910,0.0,25.0714285714286,30.7857142857143,19.3285714285714,-0.66477514015161,-0.6654730670001544
01 Vientiane Capital,1,2017,6,4,102,885910,0.0,25.7857142857143,32.1857142857143,19.3571428571429,-0.66477514015161,-0.6654730670001544
01 Vientiane Capital,1,2017,7,9,109,885910,0.0,23.0571428571429,28.9571428571429,17.1428571428571,-0.66477514015161,-0.6654730670001544
01 Vientiane Capital,1,2017,8,11,117,885910,0.0,26.7428571428571,33.3142857142857,20.1571428571429,-0.66477514015161,-0.6654730670001544
01 Vientiane Capital,1,2017,9,0,151,885910,0.0,25.0,29.7714285714286,20.1714285714286,-0.66477514015161,-0.6654730670001544
01 Vientiane Capital,1,2017,10,7,101,885910,0.0,28.2714285714286,33.7285714285714,22.7857142857143,-0.66477514015161,-0.6654730670001544
01 Vientiane Capital,1,2017,11,2,141,885910,21.0,30.0714285714286,36.0857142857143,24.0428571428571,-0.182811359244819,-0.1830032872338933
01 Vientiane Capital,1,2017,12,1,123,885910,0.4,28.5142857142857,33.5857142857143,23.4142857142857,-0.655594877658147,-0.656283166433178
01 Vientiane Capital,1,2017,13,3,73,885910,50.1,27.8857142857143,32.2,23.5428571428571,0.485052737154591,0.48556197901363995
01 Vientiane Capital,1,2017,14,4,104,885910,0.0,27.7285714285714,32.3,23.1142857142857,-0.66477514015161,-0.6654730670001544
01 Vientiane Capital,1,2017,15,0,87,885910,15.4,30.6571428571429,35.4857142857143,25.8,-0.311335034153297,-0.3116618951715629
01 Vientiane Capital,1,2017,16,2,74,885910,82.5,31.0,36.0142857142857,25.9571428571429,1.22865399912507,1.2299439249387285
01 Vientiane Capital,1,2017,17,14,122,885910,7.5,29.1857142857143,33.5714285714286,24.7714285714286,-0.492645218399185,-0.49316243136934684
01 Vientiane Capital,1,2017,18,23,101,885910,2.7,31.4571428571429,36.9428571428571,25.9714285714286,-0.602808368320737,-0.6034412381730637
01 Vientiane Capital,1,2017,19,17,76,885910,15.5,30.0571428571429,34.4,25.7,-0.309039968529931,-0.30936442002981884
01 Vientiane Capital,1,2017,20,13,74,885910,135.4,27.1714285714286,30.0857142857143,24.2285714285714,2.44274371388551,2.4453082749213575
01 Vientiane Capital,1,2017,21,21,64,885910,32.7,30.0428571428571,33.8714285714286,26.1714285714286,0.0857113186889645,0.0858013043501665
01 Vientiane Capital,1,2017,22,27,57,885910,0.0,30.5571428571429,34.5428571428571,26.5714285714286,-0.66477514015161,-0.6654730670001544
01 Vientiane Capital,1,2017,23,41,59,885910,95.2,29.9714285714286,33.9285714285714,25.9285714285714,1.52012733329251,1.5217232679402293
01 Vientiane Capital,1,2017,24,45,62,885910,37.6,29.1,32.3285714285714,25.8,0.198169534233882,0.19837758629562738
01 Vientiane Capital,1,2017,25,64,80,885910,24.4,30.3714285714286,34.1,26.6142857142857,-0.104779128050386,-0.10488913241459392
01 Vientiane Capital,1,2017,26,83,65,885910,126.9,28.8285714285714,32.5428571428571,25.0857142857143,2.24766313589943,2.2500228878731092
01 Vientiane Capital,1,2017,27,92,53,885910,55.1,28.2714285714286,30.9142857142857,25.5714285714286,0.599806018322875,0.600435736100845
01 Vientiane Capital,1,2017,28,91,62,885910,46.9,27.9857142857143,30.6285714285714,25.2857142857143,0.41161063720689,0.41204277447782867
01 Vientiane Capital,1,2017,29,109,57,885910,124.6,28.1285714285714,31.1428571428571,25.1,2.19487662656202,2.1971809596129948
01 Vientiane Capital,1,2017,30,99,36,885910,65.2,28.9857142857143,32.6285714285714,25.2857142857143,0.831607646282808,0.8324807254169992
01 Vientiane Capital,1,2017,31,90,32,885910,19.5,29.5142857142857,32.8142857142857,26.1428571428571,-0.217237343595304,-0.21746541436005482
01 Vientiane Capital,1,2017,32,127,83,885910,97.7,28.9,32.3428571428571,25.4142857142857,1.57750397387665,1.5791601464838319
01 Vientiane Capital,1,2017,33,154,47,885910,79.6,28.8571428571429,32.3428571428571,25.3285714285714,1.16209709604746,1.1633171458281495
01 Vientiane Capital,1,2017,34,159,41,885910,63.1,28.7285714285714,31.9428571428571,25.4571428571429,0.783411268192128,0.7842337474403729
01 Vientiane Capital,1,2017,35,241,77,885910,75.1,28.4857142857143,31.8142857142857,25.1285714285714,1.05881914299601,1.059930764449665
01 Vientiane Capital,1,2017,36,220,47,885910,18.0,28.8,32.0857142857143,25.5,-0.251663327945789,-0.2519275414862163
01 Vientiane Capital,1,2017,37,225,29,885910,49.6,29.3857142857143,33.1285714285714,25.6,0.473577409037763,0.4740746033049194
01 Vientiane Capital,1,2017,38,241,54,885910,82.4,28.6857142857143,32.3857142857143,24.9428571428571,1.2263589335017,1.2276464497969846
01 Vientiane Capital,1,2017,39,211,32,885910,23.9,29.3142857142857,33.0428571428571,25.5142857142857,-0.116254456167215,-0.11637650812331443
01 Vientiane Capital,1,2017,40,202,33,885910,95.7,28.4,31.9,24.9,1.53160266140934,1.5332106436489499
01 Vientiane Capital,1,2017,41,197,40,885910,19.9,28.2285714285714,31.3,25.1142857142857,-0.208057081101841,-0.20827551379307843
01 Vientiane Capital,1,2017,42,159,55,885910,25.9,27.6857142857143,31.1571428571429,24.1571428571429,-0.0703531436999011,-0.07042700528843242
01 Vientiane Capital,1,2017,43,111,49,885910,0.4,28.1,31.7285714285714,24.4428571428571,-0.655594877658147,-0.656283166433178
01 Vientiane Capital,1,2017,44,109,29,885910,0.0,26.5285714285714,31.3571428571429,21.6571428571429,-0.66477514015161,-0.6654730670001544
01 Vientiane Capital,1,2017,45,74,29,885910,0.2,25.7857142857143,29.2285714285714,22.2571428571429,-0.660185008904879,-0.6608781167166662
01 Vientiane Capital,1,2017,46,76,39,885910,0.0,28.5714285714286,33.2571428571429,23.8285714285714,-0.66477514015161,-0.6654730670001544
01 Vientiane Capital,1,2017,47,25,48,885910,0.0,27.2857142857143,31.0571428571429,23.4571428571429,-0.66477514015161,-0.6654730670001544
01 Vientiane Capital,1,2017,48,61,37,885910,0.0,25.8,31.0285714285714,20.5571428571429,-0.66477514015161,-0.6654730670001544
01 Vientiane Capital,1,2017,49,12,40,885910,0.0,25.3142857142857,30.2714285714286,20.3,-0.66477514015161,-0.6654730670001544
01 Vientiane Capital,1,2017,50,22,56,885910,0.0,26.1714285714286,29.2285714285714,23.0571428571429,-0.66477514015161,-0.6654730670001544
01 Vientiane Capital,1,2017,51,13,35,885910,0.0,20.2571428571429,25.7142857142857,14.7571428571429,-0.66477514015161,-0.6654730670001544
01 Vientiane Capital,1,2017,52,3,30,885910,21.6,22.2,26.7714285714286,17.6142857142857,-0.169040965504625,-0.16921843638342868
01 Vientiane Capital,1,2017,53,1,30,885910,0.0,25.55,30.4,20.7,-0.66477514015161,-0.6654730670001544
01 Vientiane Capital,1,2018,1,7,128,906858,0.0,25.05,29.7333333333333,20.3666666666667,-0.66477514015161,-0.6654730670001544
01 Vientiane Capital,1,2018,2,6,156,906858,0.0,22.8,25.9857142857143,19.5714285714286,-0.66477514015161,-0.6654730670001544
01 Vientiane Capital,1,2018,3,5,249,906858,0.0,23.3142857142857,29.6285714285714,16.9714285714286,-0.66477514015161,-0.6654730670001544
01 Vientiane Capital,1,2018,4,2,242,906858,0.0,25.8428571428571,31.4571428571429,20.2,-0.66477514015161,-0.6654730670001544
01 Vientiane Capital,1,2018,5,3,177,906858,0.0,22.9714285714286,27.1571428571429,18.7571428571429,-0.66477514015161,-0.6654730670001544
01 Vientiane Capital,1,2018,6,3,211,906858,0.0,21.1857142857143,26.7142857142857,15.6428571428571,-0.66477514015161,-0.6654730670001544
01 Vientiane Capital,1,2018,7,10,342,906858,0.0,25.5285714285714,31.5428571428571,19.4714285714286,-0.66477514015161,-0.6654730670001544
01 Vientiane Capital,1,2018,8,4,309,906858,25.2,27.3571428571429,31.4142857142857,23.2571428571429,-0.0864186030634609,-0.0865093312806411
01 Vientiane Capital,1,2018,9,14,248,906858,0.5,28.1428571428571,33.6142857142857,22.6285714285714,-0.653299812034782,-0.6539856912914339
01 Vientiane Capital,1,2018,10,8,249,906858,0.0,27.8285714285714,33.8,21.8142857142857,-0.66477514015161,-0.6654730670001544
01 Vientiane Capital,1,2018,11,10,383,906858,14.4,26.6,31.6428571428571,21.5,-0.334285690386953,-0.33463664658900394
01 Vientiane Capital,1,2018,12,4,498,906858,0.0,27.5571428571429,32.3571428571429,22.6857142857143,-0.66477514015161,-0.6654730670001544
01 Vientiane Capital,1,2018,13,2,384,906858,0.0,28.1571428571429,32.5428571428571,23.7285714285714,-0.66477514015161,-0.6654730670001544
01 Vientiane Capital,1,2018,14,1,258,906858,4.3,28.5571428571429,32.8285714285714,24.2571428571429,-0.566087318346886,-0.5666816359051581
01 Vientiane Capital,1,2018,15,0,179,906858,0.0,29.6,35.8714285714286,23.2714285714286,-0.66477514015161,-0.6654730670001544
01 Vientiane Capital,1,2018,16,6,284,906858,84.6,28.6714285714286,33.2428571428571,24.0428571428571,1.27685037721575,1.2781909029153544
01 Vientiane Capital,1,2018,17,13,205,906858,69.5,30.1571428571429,34.5571428571429,25.7285714285714,0.930295468087532,0.9312721565119955
01 Vientiane Capital,1,2018,18,3,178,906858,27.7,28.0857142857143,31.5285714285714,24.6285714285714,-0.0290419624793191,-0.0290724527370386
01 Vientiane Capital,1,2018,19,4,207,906858,28.4,29.8857142857143,34.2428571428571,25.5142857142857,-0.0129765031157594,-0.01299012674482991
01 Vientiane Capital,1,2018,20,2,284,906858,2.5,29.9,34.5285714285714,25.2428571428571,-0.607398499567468,-0.6080361884565518
01 Vientiane Capital,1,2018,21,18,303,906858,116.0,29.4571428571429,33.3714285714286,25.5142857142857,1.99750098295257,1.999598097423002
01 Vientiane Capital,1,2018,22,29,205,906858,125.5,28.8,32.4428571428571,25.1142857142857,2.21553221717231,2.217858235888692
01 Vientiane Capital,1,2018,23,33,204,906858,26.9,29.6285714285714,33.1571428571429,26.0285714285714,-0.0474024874662445,-0.04745225387099142
01 Vientiane Capital,1,2018,24,46,207,906858,50.2,29.0857142857143,32.3571428571429,25.7571428571429,0.487347802777957,0.48785945415538406
01 Vientiane Capital,1,2018,25,71,213,906858,22.8,29.2285714285714,32.5571428571429,25.8714285714286,-0.141500178024237,-0.14164873468249947
01 Vientiane Capital,1,2018,26,79,162,906858,69.1,27.8142857142857,30.7142857142857,24.8714285714286,0.921115205594069,0.9220822559450189
01 Vientiane Capital,1,2018,27,64,195,906858,16.4,30.8857142857143,35.1571428571429,26.5714285714286,-0.28838437791964,-0.28868714375412197
01 Vientiane Capital,1,2018,28,80,127,906858,23.8,29.2,32.4714285714286,25.8857142857143,-0.11854952179058,-0.11867398326505847
01 Vientiane Capital,1,2018,29,58,111,906858,62.6,27.5857142857143,29.5857142857143,25.5285714285714,0.7719359400753,0.7727463717316524
01 Vientiane Capital,1,2018,30,62,125,906858,43.6,28.1857142857143,30.9571428571429,25.4,0.335873471635823,0.33622609480027343
01 Vientiane Capital,1,2018,31,49,108,906858,61.5,28.1714285714286,31.1571428571429,25.1714285714286,0.746690218218278,0.7474741451724675
01 Vientiane Capital,1,2018,32,51,135,906858,82.0,28.8142857142857,32.3285714285714,25.2428571428571,1.21717867100824,1.218456549230008
01 Vientiane Capital,1,2018,33,70,87,906858,51.9,28.0142857142857,30.4428571428571,25.5571428571429,0.526363918375173,0.5269165315650337
01 Vientiane Capital,1,2018,34,120,50,906858,85.9,28.1857142857143,30.9285714285714,25.4285714285714,1.3066862303195,1.3080580797580281
01 Vientiane Capital,1,2018,35,85,42,906858,82.0,27.3,29.7142857142857,24.8142857142857,1.21717867100824,1.218456549230008
01 Vientiane Capital,1,2018,36,86,61,906858,99.3,28.5571428571429,31.8857142857143,25.1857142857143,1.6142250238505,1.6159197487517374
01 Vientiane Capital,1,2018,37,94,76,906858,16.8,29.2428571428571,32.7428571428571,25.6857142857143,-0.279204115426177,-0.2794972431871455
01 Vientiane Capital,1,2018,38,34,107,906858,43.0,28.9714285714286,32.8,25.1285714285714,0.322103077895629,0.3224412439498088
01 Vientiane Capital,1,2018,39,60,58,906858,81.6,30.0428571428571,33.9142857142857,26.1142857142857,1.20799840851478,1.2092666486630315
01 Vientiane Capital,1,2018,40,94,61,906858,4.8,28.5857142857143,32.7,24.4571428571429,-0.554611990230058,-0.5551942601964376
01 Vientiane Capital,1,2018,41,70,37,906858,0.0,28.7,33.1,24.2714285714286,-0.66477514015161,-0.6654730670001544
01 Vientiane Capital,1,2018,42,80,34,906858,29.8,29.5285714285714,33.9571428571429,25.0714285714286,0.01915441561136,0.019174525239587542
01 Vientiane Capital,1,2018,43,50,48,906858,40.6,28.7428571428571,32.4857142857143,24.9857142857143,0.267021502934853,0.2673018405479504
01 Vientiane Capital,1,2018,44,100,70,906858,0.0,26.6285714285714,31.4285714285714,21.7857142857143,-0.66477514015161,-0.6654730670001544
01 Vientiane Capital,1,2018,45,60,76,906858,0.0,26.7571428571429,31.3285714285714,22.1857142857143,-0.66477514015161,-0.6654730670001544
01 Vientiane Capital,1,2018,46,87,118,906858,3.3,28.9571428571429,33.1857142857143,24.7,-0.589037974580543,-0.5896563873225991
01 Vientiane Capital,1,2018,47,69,58,906858,0.0,28.0571428571429,32.7571428571429,23.2857142857143,-0.66477514015161,-0.6654730670001544
01 Vientiane Capital,1,2018,48,42,82,906858,0.0,26.5,30.6857142857143,22.2714285714286,-0.66477514015161,-0.6654730670001544
01 Vientiane Capital,1,2018,49,55,108,906858,1.5,27.9,32.9571428571429,22.8,-0.630349155801125,-0.6310109398739929
01 Vientiane Capital,1,2018,50,84,114,906858,0.0,24.6714285714286,28.3857142857143,20.9142857142857,-0.66477514015161,-0.6654730670001544
01 Vientiane Capital,1,2018,51,80,118,906858,0.0,25.3714285714286,30.5571428571429,20.1285714285714,-0.66477514015161,-0.6654730670001544
01 Vientiane Capital,1,2018,52,51,93,906858,1.2,25.5571428571429,31.1,20.0,-0.637234352671222,-0.6379033652992252
01 Vientiane Capital,1,2018,53,12,10,906858,0.0,23.15,27.4,18.9,-0.66477514015161,-0.6654730670001544
01 Vientiane Capital,1,2019,1,37,119,927730,0.0,24.1333333333333,28.5833333333333,19.6166666666667,-0.66477514015161,-0.6654730670001544
01 Vientiane Capital,1,2019,2,33,276,927730,0.0,26.5857142857143,31.0142857142857,22.1,-0.66477514015161,-0.6654730670001544
01 Vientiane Capital,1,2019,3,40,155,927730,0.0,25.5,30.5571428571429,20.3714285714286,-0.66477514015161,-0.6654730670001544
01 Vientiane Capital,1,2019,4,35,167,927730,0.0,24.5428571428571,29.8714285714286,19.1714285714286,-0.66477514015161,-0.6654730670001544
01 Vientiane Capital,1,2019,5,34,194,927730,0.0,25.7714285714286,31.6714285714286,19.8,-0.66477514015161,-0.6654730670001544
01 Vientiane Capital,1,2019,6,29,177,927730,0.0,28.7285714285714,36.2,21.2,-0.66477514015161,-0.6654730670001544
01 Vientiane Capital,1,2019,7,32,212,927730,77.1,27.4428571428571,31.7,23.1285714285714,1.10472045546332,1.105880267284547
01 Vientiane Capital,1,2019,8,24,211,927730,0.0,28.4571428571429,34.1714285714286,22.6714285714286,-0.66477514015161,-0.6654730670001544
01 Vientiane Capital,1,2019,9,15,167,927730,19.8,28.3142857142857,32.6,23.9714285714286,-0.210352146725207,-0.21057298893482249
01 Vientiane Capital,1,2019,10,28,144,927730,0.0,29.3142857142857,35.4285714285714,23.1714285714286,-0.66477514015161,-0.6654730670001544
01 Vientiane Capital,1,2019,11,18,206,927730,0.0,28.3142857142857,33.9714285714286,22.6285714285714,-0.66477514015161,-0.6654730670001544
01 Vientiane Capital,1,2019,12,12,187,927730,4.5,30.2,36.0571428571429,24.3,-0.561497187100155,-0.5620866856216699
01 Vientiane Capital,1,2019,13,30,94,927730,30.4,29.8142857142857,35.1571428571429,24.4142857142857,0.032924809351554,0.032959376090052096
01 Vientiane Capital,1,2019,14,31,106,927730,0.0,29.4714285714286,34.1857142857143,24.7,-0.66477514015161,-0.6654730670001544
01 Vientiane Capital,1,2019,15,19,108,927730,0.0,32.4714285714286,38.4571428571429,26.4571428571429,-0.66477514015161,-0.6654730670001544
01 Vientiane Capital,1,2019,16,27,140,927730,0.0,32.6857142857143,38.6857142857143,26.6428571428571,-0.66477514015161,-0.6654730670001544
01 Vientiane Capital,1,2019,17,53,89,927730,18.0,32.1571428571429,37.6428571428571,26.6428571428571,-0.251663327945789,-0.2519275414862163
01 Vientiane Capital,1,2019,18,64,70,927730,8.8,31.7714285714286,37.2428571428571,26.2714285714286,-0.462809365295431,-0.46329525452667353
01 Vientiane Capital,1,2019,19,66,79,927730,3.1,30.2857142857143,34.2857142857143,26.2428571428571,-0.593628105827274,-0.5942513376060873
01 Vientiane Capital,1,2019,20,88,61,927730,73.9,30.2428571428571,34.1857142857143,26.2714285714286,1.03127835551562,1.032361062748736
01 Vientiane Capital,1,2019,21,114,62,927730,17.0,30.6428571428571,34.3714285714286,26.8857142857143,-0.274613984179446,-0.2749022929036573
01 Vientiane Capital,1,2019,22,142,77,927730,61.5,29.2142857142857,32.6142857142857,25.7857142857143,0.746690218218278,0.7474741451724675
01 Vientiane Capital,1,2019,23,224,113,927730,9.1,30.1857142857143,33.9571428571429,26.3857142857143,-0.455924168425334,-0.4564028291014413
01 Vientiane Capital,1,2019,24,249,62,927730,113.8,30.2,33.9714285714286,26.3714285714286,1.94700953923852,1.9490536443046318
01 Vientiane Capital,1,2019,25,331,79,927730,67.5,30.6571428571429,34.8857142857143,26.4142857142857,0.884394155620218,0.8853226536771135
01 Vientiane Capital,1,2019,26,372,33,927730,62.6,30.1,33.2571428571429,26.8857142857143,0.7719359400753,0.7727463717316524
01 Vientiane Capital,1,2019,27,303,51,927730,44.6,28.4571428571429,31.3571428571429,25.5142857142857,0.358824127869479,0.3592008462177144
01 Vientiane Capital,1,2019,28,676,67,927730,15.0,31.0142857142857,34.9142857142857,27.0571428571429,-0.320515296646759,-0.32085179573853934
01 Vientiane Capital,1,2019,29,723,62,927730,9.4,31.6,35.7142857142857,27.4142857142857,-0.449038971555237,-0.44951040367620887
01 Vientiane Capital,1,2019,30,662,20,927730,3.5,29.1714285714286,32.4857142857143,25.8142857142857,-0.584447843333812,-0.5850614370391108
01 Vientiane Capital,1,2019,31,583,42,927730,75.4,28.3,31.3714285714286,25.2,1.06570433986611,1.0668231898748974
01 Vientiane Capital,1,2019,32,631,22,927730,124.8,29.4,32.6,26.1714285714286,2.19946675780875,2.201775909896483
01 Vientiane Capital,1,2019,33,476,26,927730,123.1,28.4857142857143,31.6714285714286,25.2285714285714,2.16045064221153,2.162718832486833
01 Vientiane Capital,1,2019,34,376,13,927730,241.3,28.4857142857143,31.7428571428571,25.1857142857143,4.87321820902975,4.87833445002836
01 Vientiane Capital,1,2019,35,439,40,927730,110.4,27.6714285714286,30.1285714285714,25.1571428571429,1.86897730804409,1.8709394894853326
01 Vientiane Capital,1,2019,36,434,45,927730,39.0,29.1714285714286,32.7714285714286,25.5142857142857,0.230300452961002,0.23054223828004475
01 Vientiane Capital,1,2019,37,418,76,927730,5.8,29.5571428571429,33.4714285714286,25.5714285714286,-0.531661333996401,-0.5322195087789965
01 Vientiane Capital,1,2019,38,519,65,927730,1.6,30.1571428571429,34.2285714285714,26.0428571428571,-0.628054090177759,-0.6287134647322488
01 Vientiane Capital,1,2019,39,476,52,927730,0.0,28.8571428571429,33.6857142857143,24.0,-0.66477514015161,-0.6654730670001544
01 Vientiane Capital,1,2019,40,439,75,927730,8.9,29.6142857142857,33.9857142857143,25.1714285714286,-0.460514299672065,-0.4609977793849294
01 Vientiane Capital,1,2019,41,256,57,927730,0.2,29.5571428571429,34.0142857142857,25.0571428571429,-0.660185008904879,-0.6608781167166662
01 Vientiane Capital,1,2019,42,291,40,927730,0.0,29.3,34.1285714285714,24.4428571428571,-0.66477514015161,-0.6654730670001544
01 Vientiane Capital,1,2019,43,218,45,927730,6.4,30.3714285714286,35.1428571428571,25.5714285714286,-0.517890940256207,-0.5184346579285319
01 Vientiane Capital,1,2019,44,206,39,927730,12.5,28.0428571428571,32.2428571428571,23.8,-0.377891937230901,-0.37828867428214186
01 Vientiane Capital,1,2019,45,131,39,927730,0.0,26.5428571428571,30.8,22.1857142857143,-0.66477514015161,-0.6654730670001544
01 Vientiane Capital,1,2019,46,88,74,927730,0.0,27.0285714285714,32.0571428571429,21.9428571428571,-0.66477514015161,-0.6654730670001544
01 Vientiane Capital,1,2019,47,104,74,927730,0.0,26.6857142857143,31.9428571428571,21.3857142857143,-0.66477514015161,-0.6654730670001544
01 Vientiane Capital,1,2019,48,67,57,927730,0.0,26.5428571428571,32.4285714285714,20.6,-0.66477514015161,-0.6654730670001544
01 Vientiane Capital,1,2019,49,47,60,927730,0.0,21.0142857142857,27.1285714285714,14.8714285714286,-0.66477514015161,-0.6654730670001544
01 Vientiane Capital,1,2019,50,27,70,927730,0.0,21.5428571428571,28.7428571428571,14.3,-0.66477514015161,-0.6654730670001544
01 Vientiane Capital,1,2019,51,13,81,927730,0.0,26.0571428571429,32.1714285714286,19.9142857142857,-0.66477514015161,-0.6654730670001544
01 Vientiane Capital,1,2019,52,17,39,927730,0.0,25.7285714285714,31.2,20.2,-0.66477514015161,-0.6654730670001544
01 Vientiane Capital,1,2019,53,6,14,927730,0.0,25.65,31.45,19.85,-0.66477514015161,-0.6654730670001544
01 Vientiane Capital,1,2020,1,11,34,948439,0.0,26.1166666666667,31.5833333333333,20.6,-0.66477514015161,-0.6654730670001544
01 Vientiane Capital,1,2020,2,16,28,948439,0.0,26.4,32.0571428571429,20.7,-0.66477514015161,-0.6654730670001544
01 Vientiane Capital,1,2020,3,15,86,948439,0.0,26.6285714285714,31.8571428571429,21.3142857142857,-0.66477514015161,-0.6654730670001544
01 Vientiane Capital,1,2020,4,20,87,948439,0.0,27.2714285714286,33.1714285714286,21.3571428571429,-0.66477514015161,-0.6654730670001544
01 Vientiane Capital,1,2020,5,8,26,948439,0.0,23.4714285714286,28.9571428571429,17.9428571428571,-0.66477514015161,-0.6654730670001544
01 Vientiane Capital,1,2020,6,0,75,948439,0.0,26.2714285714286,31.5285714285714,20.9857142857143,-0.66477514015161,-0.6654730670001544
01 Vientiane Capital,1,2020,7,1,73,948439,0.0,27.2142857142857,33.6428571428571,20.7571428571429,-0.66477514015161,-0.6654730670001544
01 Vientiane Capital,1,2020,8,0,42,948439,0.0,24.8571428571429,30.7714285714286,18.9,-0.66477514015161,-0.6654730670001544
01 Vientiane Capital,1,2020,9,9,69,948439,8.7,27.3857142857143,33.2857142857143,21.4571428571429,-0.465104430918797,-0.46559272966841764
01 Vientiane Capital,1,2020,10,21,240,948439,18.0,26.6142857142857,31.0428571428571,22.1571428571429,-0.251663327945789,-0.2519275414862163
01 Vientiane Capital,1,2020,11,28,151,948439,0.0,30.2142857142857,35.7428571428571,24.6285714285714,-0.66477514015161,-0.6654730670001544
01 Vientiane Capital,1,2020,12,13,114,948439,9.6,29.9714285714286,35.7857142857143,24.1285714285714,-0.444448840308506,-0.4449154533927208
01 Vientiane Capital,1,2020,13,16,88,948439,5.9,30.2142857142857,36.0428571428571,24.3428571428571,-0.529366268373035,-0.5299220336372524
01 Vientiane Capital,1,2020,14,6,46,948439,20.7,30.6142857142857,36.0285714285714,25.1428571428571,-0.189696556114916,-0.1898957126591256
01 Vientiane Capital,1,2020,15,6,42,948439,8.2,28.2,31.8428571428571,24.5285714285714,-0.476579759035625,-0.4770801053771382
01 Vientiane Capital,1,2020,16,8,44,948439,0.0,29.9428571428571,35.4142857142857,24.4142857142857,-0.66477514015161,-0.6654730670001544
01 Vientiane Capital,1,2020,17,10,65,948439,38.0,29.7857142857143,34.3428571428571,25.1714285714286,0.207349796727345,0.20756748686260376
01 Vientiane Capital,1,2020,18,1,57,948439,4.5,30.5714285714286,35.2,25.9142857142857,-0.561497187100155,-0.5620866856216699
01 Vientiane Capital,1,2020,19,9,49,948439,21.5,33.0285714285714,38.8428571428571,27.1857142857143,-0.171336031127991,-0.17151591152517282
01 Vientiane Capital,1,2020,20,3,64,948439,0.0,32.3714285714286,37.6285714285714,27.0857142857143,-0.66477514015161,-0.6654730670001544
01 Vientiane Capital,1,2020,21,15,97,948439,53.5,31.4857142857143,35.8714285714286,27.0428571428571,0.563084968349024,0.5636761338329394
01 Vientiane Capital,1,2020,22,6,90,948439,78.8,29.3285714285714,33.1285714285714,25.5,1.14373657106054,1.1449373446941966
01 Vientiane Capital,1,2020,23,13,106,948439,30.7,29.9857142857143,33.7285714285714,26.1571428571429,0.0398100062216511,0.03985180151528441
01 Vientiane Capital,1,2020,24,22,145,948439,8.5,30.4285714285714,34.5,26.3428571428571,-0.469694562165528,-0.47018767995190586
01 Vientiane Capital,1,2020,25,42,163,948439,48.8,29.2285714285714,32.4714285714286,25.9142857142857,0.455216884050837,0.45569480217096653
01 Vientiane Capital,1,2020,26,77,180,948439,0.5,30.3142857142857,34.2142857142857,26.3571428571429,-0.653299812034782,-0.6539856912914339
01 Vientiane Capital,1,2020,27,69,193,948439,61.7,29.2714285714286,32.4285714285714,26.1,0.751280349465009,0.7520690954559557
01 Vientiane Capital,1,2020,28,101,232,948439,35.1,30.3857142857143,33.7428571428571,26.9714285714286,0.140792893649741,0.14094070775202489
01 Vientiane Capital,1,2020,29,111,237,948439,14.5,30.3,34.3285714285714,26.2571428571429,-0.331990624763588,-0.33233917144725983
01 Vientiane Capital,1,2020,30,142,263,948439,106.5,30.2714285714286,34.1857142857143,26.3285714285714,1.77946974873283,1.7813379589573126
01 Vientiane Capital,1,2020,31,123,255,948439,104.6,29.3714285714286,32.4285714285714,26.2571428571429,1.73586350188888,1.7376859312641746
01 Vientiane Capital,1,2020,32,107,125,948439,38.6,29.2857142857143,32.2714285714286,26.2285714285714,0.221120190467539,0.2213523377130684
01 Vientiane Capital,1,2020,33,84,141,948439,188.1,27.4142857142857,29.6,25.1571428571429,3.65224329739922,3.6560776746204984
01 Vientiane Capital,1,2020,34,85,105,948439,101.2,27.9,30.9714285714286,24.7857142857143,1.65783127069445,1.6595717764448754
01 Vientiane Capital,1,2020,35,58,118,948439,2.2,29.9,33.7285714285714,26.0142857142857,-0.614283696437565,-0.6149286138817842
01 Vientiane Capital,1,2020,36,83,131,948439,20.1,30.0142857142857,33.6,26.4285714285714,-0.20346694985511,-0.20368056350959018
01 Vientiane Capital,1,2020,37,50,112,948439,185.1,28.7285714285714,32.2714285714286,25.1428571428571,3.58339132869825,3.587153420368175
01 Vientiane Capital,1,2020,38,53,126,948439,104.3,28.6714285714286,31.6571428571429,25.6285714285714,1.72897830501879,1.7307935058389423
01 Vientiane Capital,1,2020,39,39,93,948439,92.3,28.8285714285714,32.1428571428571,25.4571428571429,1.4535704302149,1.4550964888296503
01 Vientiane Capital,1,2020,40,32,91,948439,51.2,28.6571428571429,31.8714285714286,25.3857142857143,0.510298459011614,0.5108342055728251
01 Vientiane Capital,1,2020,41,37,85,948439,0.2,28.0857142857143,31.7142857142857,24.4285714285714,-0.660185008904879,-0.6608781167166662
01 Vientiane Capital,1,2020,42,47,125,948439,25.0,26.8428571428571,29.4,24.2571428571429,-0.0910087343101922,-0.0911042815641293
01 Vientiane Capital,1,2020,43,49,101,948439,0.0,25.8857142857143,29.4857142857143,22.2428571428571,-0.66477514015161,-0.6654730670001544
01 Vientiane Capital,1,2020,44,49,96,948439,18.6,27.2285714285714,30.6714285714286,23.7142857142857,-0.237892934205595,-0.2381426906357517
01 Vientiane Capital,1,2020,45,49,84,948439,0.0,26.7285714285714,30.4142857142857,22.9857142857143,-0.66477514015161,-0.6654730670001544
01 Vientiane Capital,1,2020,46,47,92,948439,0.0,25.6857142857143,30.2,21.1571428571429,-0.66477514015161,-0.6654730670001544
01 Vientiane Capital,1,2020,47,51,107,948439,0.0,28.1428571428571,33.1857142857143,23.0714285714286,-0.66477514015161,-0.6654730670001544
01 Vientiane Capital,1,2020,48,40,138,948439,0.0,26.5428571428571,31.7714285714286,21.2857142857143,-0.66477514015161,-0.6654730670001544
01 Vientiane Capital,1,2020,49,36,145,948439,0.0,23.5,28.9714285714286,17.9857142857143,-0.66477514015161,-0.6654730670001544
01 Vientiane Capital,1,2020,50,16,131,948439,0.0,24.4,30.7285714285714,18.0428571428571,-0.66477514015161,-0.6654730670001544
01 Vientiane Capital,1,2020,51,18,122,948439,0.0,23.5857142857143,28.8285714285714,18.2857142857143,-0.66477514015161,-0.6654730670001544
01 Vientiane Capital,1,2020,52,17,114,948439,0.0,24.2285714285714,29.9571428571429,18.4571428571429,-0.66477514015161,-0.6654730670001544
01 Vientiane Capital,1,2020,53,5,55,948439,0.0,25.1666666666667,29.8,20.5,-0.66477514015161,-0.6654730670001544
01 Vientiane Capital,1,2021,1,6,151,968996,0.0,21.1833333333333,27.7,14.65,-0.66477514015161,-0.6654730670001544
01 Vientiane Capital,1,2021,2,11,226,968996,0.0,20.4428571428571,25.4714285714286,15.4,-0.66477514015161,-0.6654730670001544
01 Vientiane Capital,1,2021,3,8,211,968996,0.0,21.6285714285714,27.6285714285714,15.6142857142857,-0.66477514015161,-0.6654730670001544
01 Vientiane Capital,1,2021,4,6,225,968996,0.0,24.4285714285714,31.4571428571429,17.3571428571429,-0.66477514015161,-0.6654730670001544
01 Vientiane Capital,1,2021,5,1,210,968996,0.0,24.7571428571429,30.3714285714286,19.1142857142857,-0.66477514015161,-0.6654730670001544
01 Vientiane Capital,1,2021,6,1,230,968996,19.8,24.5571428571429,30.4714285714286,18.6285714285714,-0.210352146725207,-0.21057298893482249
01 Vientiane Capital,1,2021,7,3,221,968996,0.0,25.0428571428571,30.8857142857143,19.1571428571429,-0.66477514015161,-0.6654730670001544
01 Vientiane Capital,1,2021,8,2,340,968996,0.0,25.6428571428571,31.6142857142857,19.6428571428571,-0.66477514015161,-0.6654730670001544
01 Vientiane Capital,1,2021,9,4,271,968996,0.0,28.4714285714286,34.3714285714286,22.5428571428571,-0.66477514015161,-0.6654730670001544
01 Vientiane Capital,1,2021,10,1,254,968996,19.9,28.1428571428571,33.4857142857143,22.7857142857143,-0.208057081101841,-0.20827551379307843
01 Vientiane Capital,1,2021,11,5,361,968996,0.0,28.8714285714286,33.5285714285714,24.1428571428571,-0.66477514015161,-0.6654730670001544
01 Vientiane Capital,1,2021,12,6,251,968996,1.8,29.5285714285714,34.4857142857143,24.5,-0.623463958931028,-0.6241185144487605
01 Vientiane Capital,1,2021,13,8,378,968996,0.8,30.4714285714286,36.1285714285714,24.7857142857143,-0.646414615164685,-0.6470932658662015
01 Vientiane Capital,1,2021,14,5,326,968996,62.9,29.2142857142857,33.3428571428571,25.0571428571429,0.778821136945397,0.7796387971568847
01 Vientiane Capital,1,2021,15,3,251,968996,0.0,30.5,35.2571428571429,25.6857142857143,-0.66477514015161,-0.6654730670001544
01 Vientiane Capital,1,2021,16,4,263,968996,43.3,29.2142857142857,33.1714285714286,25.2142857142857,0.328988274765726,0.329333669375041
01 Vientiane Capital,1,2021,17,4,185,968996,47.1,30.6285714285714,35.0714285714286,26.1285714285714,0.416200768453621,0.41663772476131694
01 Vientiane Capital,1,2021,18,3,100,968996,36.9,29.0571428571429,33.4428571428571,24.6285714285714,0.182104074870323,0.1822952603034186
01 Vientiane Capital,1,2021,19,5,112,968996,0.0,30.9285714285714,35.8142857142857,25.9714285714286,-0.66477514015161,-0.6654730670001544
01 Vientiane Capital,1,2021,20,2,112,968996,0.9,32.0428571428571,36.4428571428571,27.6142857142857,-0.644119549541319,-0.6447957907244575
01 Vientiane Capital,1,2021,21,11,98,968996,8.7,31.3142857142857,35.6142857142857,26.9857142857143,-0.465104430918797,-0.46559272966841764
01 Vientiane Capital,1,2021,22,8,140,968996,34.9,31.0428571428571,35.4142857142857,26.6142857142857,0.136202762403009,0.1363457574685366
01 Vientiane Capital,1,2021,23,10,123,968996,121.8,29.5142857142857,33.5714285714286,25.4142857142857,2.13061478910778,2.13285165564416
01 Vientiane Capital,1,2021,24,10,105,968996,110.1,27.6,30.3142857142857,24.8142857142857,1.86209211117399,1.8640470640601001
01 Vientiane Capital,1,2021,25,12,117,968996,14.3,31.1714285714286,35.5285714285714,26.7714285714286,-0.336580756010319,-0.336934121730748
01 Vientiane Capital,1,2021,26,16,114,968996,98.1,29.5,33.2285714285714,25.7571428571429,1.58668423637011,1.588350047050808
01 Vientiane Capital,1,2021,27,11,118,968996,70.7,30.3285714285714,34.0285714285714,26.6,0.95783625556792,0.9588418582129247
01 Vientiane Capital,1,2021,28,22,128,968996,63.8,29.4714285714286,33.3285714285714,25.6142857142857,0.799476727555688,0.8003160734325817
01 Vientiane Capital,1,2021,29,27,99,968996,25.9,29.5285714285714,32.9,26.1285714285714,-0.0703531436999011,-0.07042700528843242
01 Vientiane Capital,1,2021,30,27,151,968996,42.4,28.7285714285714,31.6857142857143,25.7285714285714,0.308332684155435,0.3086563930993441
01 Vientiane Capital,1,2021,31,49,131,968996,5.3,30.4714285714286,34.1857142857143,26.6857142857143,-0.543136662113229,-0.5437068844877171
01 Vientiane Capital,1,2021,32,31,111,968996,18.1,30.6571428571429,34.5714285714286,26.6714285714286,-0.249368262322424,-0.24963006634447218
01 Vientiane Capital,1,2021,33,32,112,968996,73.4,28.9428571428571,32.2428571428571,25.6,1.01980302739879,1.0208736870400155
01 Vientiane Capital,1,2021,34,45,109,968996,124.1,30.1857142857143,34.9142857142857,25.4285714285714,2.18340129844519,2.185693583904274
01 Vientiane Capital,1,2021,35,45,88,968996,81.7,28.9142857142857,32.4571428571429,25.3142857142857,1.21029347413814,1.2115641238047758
01 Vientiane Capital,1,2021,36,31,112,968996,8.1,28.2142857142857,31.4428571428571,24.9285714285714,-0.478874824658991,-0.4793775805188823
01 Vientiane Capital,1,2021,37,22,106,968996,6.4,29.0285714285714,32.6285714285714,25.3714285714286,-0.517890940256207,-0.5184346579285319
01 Vientiane Capital,1,2021,38,28,107,968996,19.8,28.6285714285714,32.4142857142857,24.8,-0.210352146725207,-0.21057298893482249
01 Vientiane Capital,1,2021,39,24,44,968996,42.0,28.9857142857143,32.8285714285714,25.0571428571429,0.299152421661972,0.2994664925323678
01 Vientiane Capital,1,2021,40,33,37,968996,3.2,29.9285714285714,33.9714285714286,25.8428571428571,-0.591333040203909,-0.5919538624643432
01 Vientiane Capital,1,2021,41,32,52,968996,40.5,29.6285714285714,33.7571428571429,25.4285714285714,0.264726437311487,0.26500436540620625
01 Vientiane Capital,1,2021,42,30,43,968996,25.5,27.2857142857143,30.5285714285714,24.0,-0.0795334061933639,-0.07961690585540879
01 Vientiane Capital,1,2021,43,28,45,968996,8.4,27.1857142857143,31.1285714285714,23.1857142857143,-0.471989627788894,-0.4724851550936499
01 Vientiane Capital,1,2021,44,31,50,968996,12.4,28.9142857142857,33.1142857142857,24.6571428571429,-0.380187002854267,-0.3805861494238859
01 Vientiane Capital,1,2021,45,30,50,968996,0.0,28.4857142857143,33.2142857142857,23.7142857142857,-0.66477514015161,-0.6654730670001544
01 Vientiane Capital,1,2021,46,32,50,968996,0.0,26.4428571428571,31.2,21.6714285714286,-0.66477514015161,-0.6654730670001544
01 Vientiane Capital,1,2021,47,26,62,968996,0.0,27.7714285714286,32.8857142857143,22.6285714285714,-0.66477514015161,-0.6654730670001544
01 Vientiane Capital,1,2021,48,24,62,968996,0.0,24.1142857142857,30.1,18.0571428571429,-0.66477514015161,-0.6654730670001544
01 Vientiane Capital,1,2021,49,18,48,968996,0.0,21.7428571428571,28.1428571428571,15.3142857142857,-0.66477514015161,-0.6654730670001544
01 Vientiane Capital,1,2021,50,10,28,968996,0.0,24.2142857142857,30.4142857142857,17.9714285714286,-0.66477514015161,-0.6654730670001544
01 Vientiane Capital,1,2021,51,11,48,968996,0.0,23.4571428571429,29.5571428571429,17.3,-0.66477514015161,-0.6654730670001544
01 Vientiane Capital,1,2021,52,10,64,968996,0.0,24.5285714285714,30.3857142857143,18.6142857142857,-0.66477514015161,-0.6654730670001544
01 Vientiane Capital,1,2021,53,2,12,968996,0.0,25.25,30.5,20.0,-0.66477514015161,-0.6654730670001544
01 Vientiane Capital,1,2022,1,10,80,989292,0.0,24.2666666666667,30.2166666666667,18.25,-0.66477514015161,-0.6654730670001544
01 Vientiane Capital,1,2022,2,4,130,989292,0.0,25.3,31.3285714285714,19.2142857142857,-0.66477514015161,-0.6654730670001544
01 Vientiane Capital,1,2022,3,4,136,989292,0.0,24.7285714285714,29.8857142857143,19.5285714285714,-0.66477514015161,-0.6654730670001544
01 Vientiane Capital,1,2022,4,6,169,989292,8.2,24.2714285714286,29.2571428571429,19.2571428571429,-0.476579759035625,-0.4770801053771382
01 Vientiane Capital,1,2022,5,6,263,989292,7.7,25.9285714285714,31.1142857142857,20.7142857142857,-0.488055087152453,-0.4885674810858587
01 Vientiane Capital,1,2022,6,9,160,989292,0.0,25.1142857142857,30.3,19.8571428571429,-0.66477514015161,-0.6654730670001544
01 Vientiane Capital,1,2022,7,4,65,989292,49.5,25.5714285714286,29.1857142857143,21.9428571428571,0.471282343414397,0.4717771281631753
01 Vientiane Capital,1,2022,8,5,44,989292,56.1,22.3428571428571,26.6142857142857,18.0285714285714,0.622756674556531,0.623410487518286
01 Vientiane Capital,1,2022,9,12,206,989292,0.0,25.0,30.9714285714286,18.9714285714286,-0.66477514015161,-0.6654730670001544
01 Vientiane Capital,1,2022,10,3,254,989292,15.8,28.7571428571429,33.9428571428571,23.5142857142857,-0.302154771659834,-0.3024719946045865
01 Vientiane Capital,1,2022,11,13,166,989292,9.1,29.8,34.3857142857143,25.1857142857143,-0.455924168425334,-0.4564028291014413
01 Vientiane Capital,1,2022,12,19,63,989292,54.7,28.8142857142857,32.9285714285714,24.6714285714286,0.590625755829412,0.5912458355338686
01 Vientiane Capital,1,2022,13,10,42,989292,51.7,28.5285714285714,32.5714285714286,24.4285714285714,0.521773787128442,0.5223215812815456
01 Vientiane Capital,1,2022,14,7,118,989292,0.0,26.1,30.2428571428571,21.9,-0.66477514015161,-0.6654730670001544
01 Vientiane Capital,1,2022,15,20,127,989292,0.0,28.9714285714286,34.0714285714286,23.8428571428571,-0.66477514015161,-0.6654730670001544
01 Vientiane Capital,1,2022,16,18,158,989292,14.6,28.8142857142857,32.3285714285714,25.2571428571429,-0.329695559140222,-0.3300416963055157
01 Vientiane Capital,1,2022,17,34,154,989292,18.2,31.4571428571429,36.2428571428571,26.5857142857143,-0.247073196699058,-0.24733259120272813
01 Vientiane Capital,1,2022,18,45,157,989292,2.9,28.0714285714286,31.7714285714286,24.2857142857143,-0.598218237074006,-0.5988462878895755
01 Vientiane Capital,1,2022,19,76,168,989292,74.3,28.7,31.9714285714286,25.4142857142857,1.04045861800908,1.0415509633157123
01 Vientiane Capital,1,2022,20,79,187,989292,13.2,28.4285714285714,31.9142857142857,24.8857142857143,-0.361826477867341,-0.36220634828993314
01 Vientiane Capital,1,2022,21,174,213,989292,43.6,28.8857142857143,32.2428571428571,25.4857142857143,0.335873471635823,0.33622609480027343
01 Vientiane Capital,1,2022,22,202,246,989292,22.3,29.6,33.7,25.4571428571429,-0.152975506141065,-0.15313611039122
01 Vientiane Capital,1,2022,23,426,266,989292,11.5,29.9,34.0,25.7714285714286,-0.400842593464558,-0.40126342569958284
01 Vientiane Capital,1,2022,24,527,194,989292,88.6,29.5857142857143,33.8571428571429,25.2714285714286,1.36865300215037,1.3700899085851186
01 Vientiane Capital,1,2022,25,722,106,989292,28.1,29.9428571428571,34.2142857142857,25.6285714285714,-0.0198616999858564,-0.019882552170062146
01 Vientiane Capital,1,2022,26,981,118,989292,12.3,29.8142857142857,33.8571428571429,25.7285714285714,-0.382482068477632,-0.38288362456563
01 Vientiane Capital,1,2022,27,949,159,989292,53.5,29.7428571428571,33.3142857142857,26.1285714285714,0.563084968349024,0.5636761338329394
01 Vientiane Capital,1,2022,28,1023,137,989292,126.5,29.0428571428571,32.5714285714286,25.4714285714286,2.23848287340596,2.2408329873061326
01 Vientiane Capital,1,2022,29,934,105,989292,31.1,29.9857142857143,33.6714285714286,26.2571428571429,0.0489902687151138,0.049041702082260864
01 Vientiane Capital,1,2022,30,1057,82,989292,33.9,30.5285714285714,34.6714285714286,26.3571428571429,0.113252106169352,0.11337100605109561
01 Vientiane Capital,1,2022,31,971,135,989292,150.1,29.4428571428571,33.3571428571429,25.4857142857143,2.78011836052026,2.78303712075774
01 Vientiane Capital,1,2022,32,937,105,989292,253.3,28.4714285714286,31.7714285714286,25.1571428571429,5.14862608383364,5.154031467037652
01 Vientiane Capital,1,2022,33,905,107,989292,22.6,29.0,32.4142857142857,25.5714285714286,-0.146090309270968,-0.14624368496598766
01 Vientiane Capital,1,2022,34,806,166,989292,256.9,28.9142857142857,32.3428571428571,25.4714285714286,5.2312484462748,5.236740572140439
01 Vientiane Capital,1,2022,35,714,159,989292,91.8,29.6571428571429,33.6285714285714,25.6714285714286,1.44209510209808,1.4436091131209297
01 Vientiane Capital,1,2022,36,753,127,989292,114.7,29.3857142857143,33.6285714285714,25.1,1.96766512984882,1.9697309205803288
01 Vientiane Capital,1,2022,37,629,164,989292,33.5,28.9142857142857,32.7,25.0571428571429,0.10407184367589,0.10418110548411924
01 Vientiane Capital,1,2022,38,598,110,989292,19.4,29.3,33.6857142857143,24.8428571428571,-0.21953240921867,-0.21976288950179895
01 Vientiane Capital,1,2022,39,409,104,989292,53.8,27.9285714285714,31.2571428571429,24.5571428571429,0.569970165219121,0.5705685592581715
01 Vientiane Capital,1,2022,40,375,105,989292,167.5,27.8428571428571,31.1285714285714,24.5285714285714,3.17945977898589,3.1827977954212137
01 Vientiane Capital,1,2022,41,312,107,989292,1.3,28.9571428571429,33.2285714285714,24.6428571428571,-0.634939287047856,-0.635605890157481
01 Vientiane Capital,1,2022,42,245,111,989292,0.0,26.5142857142857,31.0142857142857,21.9714285714286,-0.66477514015161,-0.6654730670001544
01 Vientiane Capital,1,2022,43,165,104,989292,1.3,29.0714285714286,33.9142857142857,24.2,-0.634939287047856,-0.635605890157481
01 Vientiane Capital,1,2022,44,143,87,989292,0.0,27.0142857142857,32.3857142857143,21.6142857142857,-0.66477514015161,-0.6654730670001544
01 Vientiane Capital,1,2022,45,138,141,989292,0.0,26.3,31.8428571428571,20.7142857142857,-0.66477514015161,-0.6654730670001544
01 Vientiane Capital,1,2022,46,86,133,989292,0.0,29.8285714285714,34.2,25.4,-0.66477514015161,-0.6654730670001544
01 Vientiane Capital,1,2022,47,83,134,989292,8.5,28.9,33.3,24.4571428571429,-0.469694562165528,-0.47018767995190586
01 Vientiane Capital,1,2022,48,91,125,989292,4.8,29.0428571428571,33.5571428571429,24.4857142857143,-0.554611990230058,-0.5551942601964376
01 Vientiane Capital,1,2022,49,82,147,989292,0.0,26.5857142857143,31.4857142857143,21.6571428571429,-0.66477514015161,-0.6654730670001544
01 Vientiane Capital,1,2022,50,62,160,989292,0.0,24.9285714285714,29.6714285714286,20.1285714285714,-0.66477514015161,-0.6654730670001544
01 Vientiane Capital,1,2022,51,44,143,989292,0.0,21.9857142857143,27.5,16.4571428571429,-0.66477514015161,-0.6654730670001544
01 Vientiane Capital,1,2022,52,27,192,989292,0.0,23.0571428571429,28.4857142857143,17.6,-0.66477514015161,-0.6654730670001544
01 Vientiane Capital,1,2022,53,4,46,989292,0.0,22.5,28.25,16.7,-0.66477514015161,-0.6654730670001544
01 Vientiane Capital,1,2023,1,11,167,1009287,0.0,23.2,28.45,17.9,-0.66477514015161,-0.6654730670001544
01 Vientiane Capital,1,2023,2,9,186,1009287,2.1,24.3571428571429,28.2428571428571,20.4571428571429,-0.616578762060931,-0.6172260890235283
01 Vientiane Capital,1,2023,3,15,187,1009287,0.0,23.8,29.9428571428571,17.6,-0.66477514015161,-0.6654730670001544
01 Vientiane Capital,1,2023,4,17,163,1009287,0.0,22.8571428571429,29.3571428571429,16.3142857142857,-0.66477514015161,-0.6654730670001544
01 Vientiane Capital,1,2023,5,14,161,1009287,0.0,22.3571428571429,28.8142857142857,15.8857142857143,-0.66477514015161,-0.6654730670001544
01 Vientiane Capital,1,2023,6,7,201,1009287,8.5,28.2142857142857,33.6428571428571,22.7285714285714,-0.469694562165528,-0.47018767995190586
01 Vientiane Capital,1,2023,7,16,252,1009287,0.0,27.8,33.8714285714286,21.7,-0.66477514015161,-0.6654730670001544
01 Vientiane Capital,1,2023,8,6,186,1009287,0.0,26.0714285714286,31.4285714285714,20.6857142857143,-0.66477514015161,-0.6654730670001544
01 Vientiane Capital,1,2023,9,5,166,1009287,0.0,24.2142857142857,30.3428571428571,18.0428571428571,-0.66477514015161,-0.6654730670001544
01 Vientiane Capital,1,2023,10,7,207,1009287,0.0,26.0142857142857,31.3,20.6428571428571,-0.66477514015161,-0.6654730670001544
01 Vientiane Capital,1,2023,11,16,211,1009287,0.0,27.6714285714286,32.7857142857143,22.5285714285714,-0.66477514015161,-0.6654730670001544
01 Vientiane Capital,1,2023,12,9,199,1009287,0.0,31.7,38.2714285714286,25.1,-0.66477514015161,-0.6654730670001544
01 Vientiane Capital,1,2023,13,8,152,1009287,3.5,31.0857142857143,37.2142857142857,24.9,-0.584447843333812,-0.5850614370391108
01 Vientiane Capital,1,2023,14,15,140,1009287,0.0,31.7285714285714,38.3428571428571,25.0571428571429,-0.66477514015161,-0.6654730670001544
01 Vientiane Capital,1,2023,15,13,132,1009287,0.0,32.8857142857143,38.0428571428571,27.7,-0.66477514015161,-0.6654730670001544
01 Vientiane Capital,1,2023,16,23,143,1009287,8.1,33.4714285714286,39.0285714285714,27.8428571428571,-0.478874824658991,-0.4793775805188823
01 Vientiane Capital,1,2023,17,33,160,1009287,1.5,31.8571428571429,37.4714285714286,26.2,-0.630349155801125,-0.6310109398739929
01 Vientiane Capital,1,2023,18,23,185,1009287,0.0,32.1571428571429,37.1714285714286,27.1285714285714,-0.66477514015161,-0.6654730670001544
01 Vientiane Capital,1,2023,19,26,162,1009287,7.0,32.7285714285714,38.0142857142857,27.4,-0.504120546516013,-0.5046498070780674
01 Vientiane Capital,1,2023,20,24,117,1009287,117.3,30.2714285714286,34.4142857142857,26.0714285714286,2.02733683605632,2.029465274265675
01 Vientiane Capital,1,2023,21,28,153,1009287,2.2,32.2571428571429,37.6857142857143,26.8,-0.614283696437565,-0.6149286138817842
01 Vientiane Capital,1,2023,22,31,126,1009287,10.7,30.8142857142857,35.4428571428571,26.1,-0.419203118451483,-0.41964322683353567
01 Vientiane Capital,1,2023,23,46,167,1009287,41.5,29.8857142857143,34.5571428571429,25.1428571428571,0.287677093545144,0.28797911682364724
01 Vientiane Capital,1,2023,24,58,156,1009287,60.8,29.5285714285714,33.2285714285714,25.7714285714286,0.730624758854718,0.7313918191802585
01 Vientiane Capital,1,2023,25,82,188,1009287,40.2,29.3571428571429,33.1571428571429,25.4714285714286,0.25784124044139,0.25811193998097404
01 Vientiane Capital,1,2023,26,115,169,1009287,116.4,29.3857142857143,33.4285714285714,25.3,2.00668124544603,2.0087879979899785
01 Vientiane Capital,1,2023,27,201,188,1009287,101.8,29.3,33.4857142857143,25.0571428571429,1.67160166443464,1.6733566272953397
01 Vientiane Capital,1,2023,28,243,162,1009287,27.8,30.4714285714286,34.7571428571429,26.1428571428571,-0.0267468968559534,-0.026774977595294465
01 Vientiane Capital,1,2023,29,297,128,1009287,55.3,29.7428571428571,33.8571428571429,25.5571428571429,0.604396149569606,0.6050306863843331
01 Vientiane Capital,1,2023,30,349,94,1009287,27.4,30.1571428571429,34.7571428571429,25.5142857142857,-0.0359271593494161,-0.03596487816227092
01 Vientiane Capital,1,2023,31,328,104,1009287,149.7,27.6428571428571,29.9857142857143,25.2428571428571,2.7709380980268,2.773847220190764
01 Vientiane Capital,1,2023,32,300,75,1009287,61.5,27.0285714285714,29.3571428571429,24.6714285714286,0.746690218218278,0.7474741451724675
01 Vientiane Capital,1,2023,33,311,121,1009287,136.0,28.7857142857143,32.0714285714286,25.4857142857143,2.4565141076257,2.459093125771822
01 Vientiane Capital,1,2023,34,342,93,1009287,113.2,28.6285714285714,31.6857142857143,25.6,1.93323914549833,1.9352687934541675
01 Vientiane Capital,1,2023,35,350,82,1009287,22.3,28.3714285714286,31.4428571428571,25.2857142857143,-0.152975506141065,-0.15313611039122
01 Vientiane Capital,1,2023,36,344,110,1009287,199.3,29.3285714285714,33.8571428571429,24.7714285714286,3.90929064721617,3.9133948904958378
01 Vientiane Capital,1,2023,37,324,98,1009287,140.0,28.1,31.2571428571429,24.9142857142857,2.54831673256033,2.550992131441586
01 Vientiane Capital,1,2023,38,315,114,1009287,31.6,28.4857142857143,32.4142857142857,24.5,0.0604655968319421,0.060529077790981364
01 Vientiane Capital,1,2023,39,276,69,1009287,81.8,28.7428571428571,32.4571428571429,25.0285714285714,1.21258853976151,1.2138615989465198
01 Vientiane Capital,1,2023,40,314,89,1009287,30.3,29.3285714285714,33.2428571428571,25.4,0.0306297437281884,0.030661900948308046
01 Vientiane Capital,1,2023,41,271,101,1009287,199.4,26.7142857142857,29.7142857142857,23.7,3.91158571283954,3.915692365637582
01 Vientiane Capital,1,2023,42,264,74,1009287,7.2,27.6571428571429,31.9,23.4,-0.499530415269282,-0.5000548567945792
01 Vientiane Capital,1,2023,43,254,90,1009287,21.8,27.1285714285714,31.0428571428571,23.2142857142857,-0.164450834257894,-0.16462348609994049
01 Vientiane Capital,1,2023,44,218,101,1009287,11.4,27.6428571428571,31.6857142857143,23.6285714285714,-0.403137659087923,-0.4035609008413269
01 Vientiane Capital,1,2023,45,199,105,1009287,1.0,30.0142857142857,35.3142857142857,24.6857142857143,-0.641824483917953,-0.6424983155827134
01 Vientiane Capital,1,2023,46,166,96,1009287,0.0,28.6571428571429,33.8142857142857,23.4857142857143,-0.66477514015161,-0.6654730670001544
01 Vientiane Capital,1,2023,47,194,92,1009287,0.0,24.8857142857143,30.9857142857143,18.7571428571429,-0.66477514015161,-0.6654730670001544
01 Vientiane Capital,1,2023,48,119,111,1009287,0.0,26.4571428571429,31.9571428571429,20.9428571428571,-0.66477514015161,-0.6654730670001544
01 Vientiane Capital,1,2023,49,113,162,1009287,0.5,25.5142857142857,30.0571428571429,20.9285714285714,-0.653299812034782,-0.6539856912914339
01 Vientiane Capital,1,2023,50,92,146,1009287,0.0,26.8714285714286,32.0428571428571,21.6714285714286,-0.66477514015161,-0.6654730670001544
01 Vientiane Capital,1,2023,51,68,111,1009287,0.8,23.6,28.2714285714286,18.9285714285714,-0.646414615164685,-0.6470932658662015
01 Vientiane Capital,1,2023,52,65,109,1009287,0.0,20.4857142857143,26.5714285714286,14.4,-0.66477514015161,-0.6654730670001544
01 Vientiane Capital,1,2023,53,15,30,1009287,0.0,26.0,32.15,19.85,-0.66477514015161,-0.6654730670001544
